い	680651
の	617620
な	549863
た	546563
て	509274
は	470759
に	413959
る	411605
だ	406738
し	404900
っ	392094
か	386736
を	354739
が	329989
で	312148
と	288664
う	284399
れ	266777
ー	260038
ん	248549
こ	243138
ら	235363
も	221186
す	215398
あ	215263
よ	188267
ま	180489
そ	174244
く	159984
ン	156866
り	130748
け	119771
さ	118931
わ	113791
え	109774
ど	103201
ス	102740
き	100616
お	93713
イ	85631
私	83447
何	82681
ル	82022
彼	79980
つ	78957
ち	78252
ろ	77284
や	74995
リ	72292
ッ	71847
ト	71752
人	70924
せ	69871
ク	69665
じ	66064
ね	65806
め	64540
ラ	62006
ア	59111
ゃ	58536
見	56804
事	56682
ド	50695
行	50624
前	49418
言	49330
分	47643
マ	46248
ジ	46075
出	43459
レ	42645
君	42453
み	40529
タ	40216
女	39625
来	39476
俺	38592
話	37926
ロ	37592
シ	37495
フ	37443
一	37352
カ	36866
大	36068
ば	35822
ィ	35249
間	34157
知	32776
思	32038
ょ	32003
今	30607
時	30440
バ	30428
気	29825
パ	29163
手	27080
ャ	26964
ぞ	26844
テ	26454
チ	26267
誰	26180
子	25584
者	25375
キ	25348
ウ	25234
デ	24861
ム	24810
殺	24429
無	24394
中	23591
生	23540
メ	23473
コ	23457
サ	23299
ブ	23199
日	22743
オ	22543
ダ	22008
全	21893
聞	21315
べ	21157
自	21057
方	20971
グ	20778
ず	20713
死	20557
会	20415
ニ	20207
ェ	19835
プ	19788
入	19756
エ	19655
僕	19487
本	19302
ナ	19203
ビ	19085
ご	18987
要	18940
達	18682
上	18380
物	18180
げ	18173
家	17832
ミ	17763
最	17490
所	17441
々	17366
後	17227
当	17198
ハ	17174
持	16679
ュ	16225
待	16112
ぜ	15997
ョ	15972
部	15938
へ	15685
違	15599
下	15395
ソ	15292
ズ	15119
理	15065
我	15060
年	14756
信	14744
目	14638
場	14561
必	14357
取	14151
夫	14045
ボ	14026
動	13703
ほ	13701
良	13548
ガ	13482
心	13385
通	13140
悪	13028
ベ	12916
的	12789
合	12760
奴	12750
金	12725
連	12698
仕	12395
明	12269
戻	12235
ケ	12166
ぐ	12058
名	12027
意	11991
力	11802
丈	11647
男	11608
警	11405
同	11397
セ	11266
実	11255
電	11239
地	11237
解	11172
問	11163
体	11052
変	11017
む	10953
感	10856
モ	10797
ワ	10767
父	10762
考	10718
度	10668
助	10550
ツ	10466
ネ	10367
撃	10148
用	9948
起	9945
長	9939
少	9854
不	9683
止	9662
車	9640
ァ	9575
発	9535
戦	9419
確	9284
ぶ	9272
外	9210
着	9155
作	9141
食	9133
使	9068
様	9028
他	9001
親	8889
教	8881
学	8864
ピ	8834
国	8773
ホ	8752
関	8728
立	8721
性	8675
失	8662
切	8616
ぁ	8598
回	8576
ヤ	8568
愛	8474
緒	8447
正	8437
好	8338
残	8253
居	8206
法	8182
味	8167
終	8158
引	8128
世	8079
結	8071
報	8057
先	8001
調	7946
以	7921
機	7856
帰	7855
夜	7851
ォ	7824
決	7767
官	7746
命	7709
員	7705
犯	7686
友	7627
頼	7605
び	7594
ぎ	7589
神	7573
配	7539
付	7532
逃	7495
ゴ	7478
供	7388
査	7184
真	7177
母	7163
欲	7115
題	7078
対	7037
向	7021
士	7014
身	7005
別	6964
安	6947
件	6940
番	6927
ポ	6909
ヴ	6895
高	6876
落	6863
新	6840
近	6837
ノ	6741
開	6736
呼	6736
探	6643
屋	6642
伝	6637
置	6548
始	6523
現	6500
情	6482
書	6432
願	6385
捕	6364
備	6339
証	6333
直	6304
早	6300
初	6253
数	6225
為	6148
ヘ	6138
覚	6132
二	6100
過	6059
運	6048
捜	6021
能	6017
続	6000
界	5944
楽	5912
込	5909
由	5889
察	5858
元	5696
強	5667
画	5649
乗	5633
族	5616
ひ	5613
追	5611
ギ	5610
送	5595
面	5581
急	5580
ザ	5578
約	5578
離	5547
可	5526
貴	5524
代	5502
望	5490
道	5457
受	5456
息	5453
多	5443
得	5434
皆	5415
保	5400
小	5400
任	5395
内	5378
務	5375
重	5337
定	5311
口	5279
ペ	5268
ゲ	5266
素	5264
有	5260
放	5251
次	5220
軍	5191
状	5180
頭	5173
主	5153
王	5151
計	5100
罪	5085
ざ	5072
守	5013
認	5007
指	4988
ヒ	4953
告	4939
血	4927
相	4880
ぬ	4874
返	4829
係	4820
月	4818
傷	4758
危	4734
魔	4722
銃	4714
記	4700
刑	4680
業	4619
判	4589
成	4584
隠	4570
消	4553
病	4548
処	4539
飛	4529
社	4514
害	4490
然	4472
救	4459
野	4449
飲	4419
質	4362
船	4351
利	4347
護	4344
婚	4300
盗	4258
空	4254
選	4216
足	4178
忘	4175
嫌	4172
険	4164
器	4146
娘	4112
去	4109
破	4089
特	4088
勝	4077
丶	4061
売	4054
説	4044
水	4038
常	3998
準	3986
化	3981
座	3910
兄	3896
音	3886
隊	3860
束	3857
難	3844
週	3840
集	3835
万	3810
白	3797
号	3758
恐	3745
進	3740
仲	3735
議	3724
薬	3696
在	3696
絡	3695
張	3684
壊	3679
敵	3671
反	3668
顔	3658
完	3656
故	3638
礼	3625
づ	3616
渡	3563
許	3562
経	3550
密	3536
役	3486
絶	3471
了	3467
令	3459
想	3450
断	3449
怖	3441
支	3441
謝	3436
念	3422
予	3418
視	3403
買	3398
医	3397
答	3382
朝	3354
単	3347
爆	3331
語	3328
住	3325
ぼ	3313
突	3289
声	3283
疑	3261
与	3261
寝	3245
弾	3241
存	3233
共	3228
限	3211
嘘	3209
期	3207
装	3200
払	3193
果	3177
ぇ	3166
遅	3161
組	3155
夢	3154
態	3148
ふ	3113
幸	3079
第	3069
料	3053
点	3046
歩	3039
室	3038
平	3035
弟	3033
転	3009
降	2993
応	2993
検	2992
兵	2985
品	2975
馬	2969
活	2953
術	2949
美	2947
遠	2946
働	2941
抜	2936
校	2927
晴	2897
跡	2867
十	2861
公	2857
統	2853
加	2852
院	2849
治	2849
秘	2842
痛	2835
読	2829
海	2829
黙	2828
昨	2821
妻	2819
容	2812
色	2784
求	2776
領	2757
訳	2754
市	2750
攻	2734
拠	2733
両	2731
赤	2721
民	2709
博	2705
葉	2704
苦	2688
注	2687
争	2684
静	2673
監	2671
写	2662
ヨ	2653
山	2635
天	2629
映	2616
火	2614
街	2604
構	2597
流	2591
未	2589
交	2588
像	2584
線	2565
録	2564
義	2544
験	2538
権	2525
休	2520
閉	2516
優	2505
半	2503
政	2500
文	2497
試	2477
負	2475
郎	2464
表	2447
深	2446
復	2445
ゾ	2444
退	2433
掛	2428
制	2427
ゆ	2427
被	2423
再	2418
星	2417
服	2414
際	2410
局	2406
亡	2406
示	2400
店	2386
怒	2385
責	2382
a	2382
非	2377
済	2372
歳	2370
接	2354
裏	2353
資	2339
笑	2337
触	2336
走	2333
移	2332
眠	2326
論	2317
談	2305
師	2303
駄	2301
式	2292
類	2291
倒	2286
等	2286
ゼ	2282
光	2277
武	2260
位	2256
首	2244
捨	2239
逮	2226
帯	2211
除	2209
興	2191
況	2185
精	2178
犬	2174
設	2168
客	2166
毒	2152
側	2150
階	2147
打	2139
驚	2131
ぱ	2128
価	2126
骨	2113
投	2107
速	2096
産	2095
風	2095
管	2078
暗	2076
弁	2076
値	2075
申	2049
療	2043
古	2041
簡	2039
誘	2039
協	2033
寄	2021
段	2018
科	2015
悲	2011
頃	2005
従	2002
異	2000
遺	1997
吸	1988
収	1969
識	1967
球	1967
毎	1967
押	1942
案	1941
脱	1932
ユ	1931
昔	1927
台	1925
奥	1924
射	1924
原	1914
防	1895
携	1874
歌	1874
邪	1870
援	1858
暴	1852
脅	1843
独	1828
鹿	1818
個	1808
司	1805
似	1800
若	1791
怪	1784
提	1783
晩	1782
種	1776
狙	1766
和	1754
狂	1753
職	1729
ゥ	1728
銀	1723
裁	1722
満	1719
究	1718
研	1707
御	1705
普	1702
敗	1702
庫	1698
格	1696
乱	1689
影	1681
字	1676
杯	1674
工	1672
片	1666
奪	1656
越	1655
憶	1655
丿	1655
造	1653
路	1651
腹	1650
黒	1648
島	1642
恋	1642
技	1641
形	1635
木	1631
図	1620
貸	1619
標	1612
効	1610
氏	1591
石	1585
冷	1582
北	1581
練	1580
ヶ	1579
襲	1573
参	1572
冗	1570
末	1567
旅	1566
三	1566
将	1553
建	1546
団	1543
借	1541
避	1538
具	1518
基	1516
棒	1514
闘	1512
困	1510
育	1503
妹	1502
例	1500
紙	1496
刺	1490
細	1490
留	1489
府	1487
停	1487
嬉	1478
振	1476
奇	1476
広	1473
田	1472
門	1469
腕	1465
汚	1462
町	1457
互	1455
壁	1454
夕	1450
獄	1447
滅	1446
土	1446
喜	1429
修	1427
右	1425
才	1423
州	1422
観	1420
唯	1413
介	1409
太	1407
侵	1401
婦	1394
熱	1393
迎	1388
姿	1387
適	1381
演	1380
惑	1380
誓	1379
周	1377
勢	1369
因	1367
曜	1366
雇	1353
量	1352
艦	1352
歴	1348
酒	1347
肉	1347
東	1345
都	1344
背	1338
犠	1332
沢	1331
余	1328
牲	1324
遊	1322
撮	1321
習	1320
染	1319
勇	1316
花	1314
麻	1314
弱	1308
貰	1304
鍵	1304
頑	1300
択	1300
届	1300
善	1300
混	1296
臓	1295
髪	1294
聴	1294
衛	1293
英	1292
脳	1288
派	1287
障	1283
導	1282
致	1273
聖	1271
左	1265
姉	1263
酷	1256
頂	1248
燃	1246
減	1245
席	1242
割	1235
授	1232
荷	1229
緊	1227
更	1224
妙	1222
換	1215
巻	1200
索	1198
逆	1196
補	1193
伏	1191
到	1186
剣	1182
尋	1182
操	1181
織	1178
刻	1175
極	1174
泣	1174
禁	1170
永	1168
超	1165
規	1162
秒	1161
署	1161
低	1161
暮	1160
辺	1158
抱	1157
囲	1157
殴	1156
茶	1154
箱	1151
焼	1146
根	1145
宙	1144
耳	1140
洗	1140
偽	1137
功	1136
宇	1131
抗	1130
絵	1127
曲	1120
散	1120
担	1117
森	1115
南	1115
賢	1113
扱	1106
患	1103
迷	1100
差	1099
評	1098
璧	1096
折	1093
西	1093
佐	1092
誤	1090
響	1089
酔	1088
詳	1087
専	1087
ぉ	1082
程	1077
疲	1077
忙	1073
激	1066
給	1056
館	1049
鳴	1047
訴	1045
途	1043
慢	1042
祈	1038
製	1033
歯	1030
列	1027
雑	1024
境	1023
瞬	1019
潜	1014
巨	1006
施	1006
替	1003
厳	1003
園	999
史	999
鳥	996
百	993
宅	992
久	991
継	988
坊	981
陸	979
拐	979
偉	978
域	975
損	972
詰	963
順	962
模	961
窓	958
浮	957
財	957
増	955
川	953
老	948
尽	948
ヌ	946
依	944
希	944
繋	942
陛	942
悔	936
便	933
穴	933
獣	930
登	930
鎖	930
霊	929
症	928
測	924
騒	921
区	921
液	918
栄	918
象	913
策	908
訓	906
村	906
圧	901
吹	898
迫	898
午	898
魂	893
招	892
労	891
整	890
推	889
埋	888
青	886
否	883
源	879
横	879
恥	877
請	877
隣	875
複	872
舞	868
免	865
徒	863
祝	863
闇	863
宝	861
靴	860
承	858
型	857
胸	857
企	855
屈	854
ぅ	854
庭	851
千	850
握	849
納	848
威	848
鉄	847
輪	842
叫	838
誕	837
耐	836
端	836
誠	835
儀	833
釈	830
波	825
皮	822
丸	818
臭	814
ぽ	812
祖	811
訪	810
欠	810
審	808
稼	806
敬	806
雨	806
率	804
健	802
固	798
港	797
億	797
角	793
副	793
衆	792
辞	792
条	792
印	792
剤	786
賭	786
費	786
米	784
虫	782
誇	781
凄	778
則	778
略	775
陽	774
乾	765
昼	765
候	762
痕	761
慣	760
純	759
診	759
毛	758
踊	753
快	753
鬼	752
吐	751
掃	750
葬	747
既	746
課	741
営	740
諸	739
積	738
忠	738
辛	737
拘	734
尉	733
賛	731
紹	731
叔	731
幕	726
春	726
孤	724
底	722
総	722
嬢	721
陰	721
航	720
照	719
紋	719
呪	716
創	715
喋	714
契	711
泥	711
級	710
騙	710
殿	708
督	707
改	707
劇	707
筈	706
商	705
仮	703
福	699
筋	694
砲	694
温	693
軽	693
賞	692
偶	691
慮	688
勤	687
雄	687
寂	687
裂	685
展	683
挙	683
短	682
暇	681
尊	678
愚	677
猫	677
勘	677
凶	674
渉	674
包	669
罰	669
床	668
系	667
省	666
析	665
児	664
掴	664
悟	663
踏	663
房	663
砂	661
噛	661
己	660
叩	658
額	657
融	656
魅	654
贈	653
袋	652
揮	651
布	649
牛	649
魚	649
繰	647
衝	644
宿	641
環	641
執	640
志	637
農	636
努	635
封	634
延	629
諦	628
匂	627
律	624
材	623
築	622
械	621
妊	620
算	620
隷	618
敢	618
尾	617
載	617
輸	613
巡	611
昇	611
属	610
帝	610
看	609
悩	609
酸	608
遂	608
描	605
誉	603
謀	602
尻	601
鼻	600
至	600
揺	600
遣	600
拒	594
墓	593
噂	593
掘	592
預	587
秀	586
閣	582
群	582
狩	581
抵	579
充	579
宣	576
僚	576
虐	576
締	575
此	572
凍	569
奮	569
票	568
岸	567
養	565
讐	564
償	562
哀	561
寒	559
雪	558
甘	557
距	556
曹	554
含	554
冒	552
倉	549
麗	546
駆	539
枚	536
駐	536
歓	535
邦	534
維	533
並	530
憎	530
錠	529
油	528
橋	527
娠	524
宮	523
委	519
及	518
棄	514
芸	514
慎	512
城	511
恵	510
煙	509
却	508
泊	507
倍	506
震	506
沈	503
脈	503
卒	502
競	502
還	500
植	500
獲	499
浴	498
玉	496
丁	495
香	494
慈	494
囚	494
勉	494
絞	492
乙	490
炎	489
畜	488
核	487
崩	485
狼	485
清	485
祭	485
矢	484
節	484
採	482
帽	481
荒	481
召	480
比	480
抑	480
益	475
欺	475
皇	474
衣	473
ﾞ	473
氷	473
妨	470
綺	470
輝	469
恩	467
忍	466
謎	466
範	464
卵	463
黄	463
徹	462
康	461
句	459
糞	459
縛	459
喧	457
漏	457
奏	456
僧	455
偵	455
夏	454
微	453
匹	452
暖	451
廷	451
懸	449
嘩	448
党	448
腐	448
株	447
草	447
戒	445
眼	444
隔	443
豚	442
飯	440
旦	439
四	439
鏡	437
釣	437
撤	437
潰	436
干	436
裕	434
谷	433
班	430
怯	429
卿	429
飾	428
革	427
泳	425
肢	425
針	425
駅	425
拶	424
挑	424
嵐	424
挨	423
藤	422
易	422
柄	421
仰	419
幻	419
是	415
滞	413
那	413
板	413
紀	413
徴	412
羽	411
飼	408
占	408
税	406
述	403
雷	400
排	399
蹴	398
睡	397
胞	397
脚	394
討	394
幽	393
喉	393
肩	393
拾	392
厄	391
岩	391
催	391
各	389
妄	388
拷	385
覧	385
罠	384
盛	383
詐	382
旧	382
般	380
椅	380
貨	380
章	379
堂	379
惨	379
遭	377
履	375
鮮	374
廃	371
富	369
災	368
蔵	368
顧	367
鑑	367
陥	366
潔	365
騎	364
郷	363
乳	363
京	363
姫	362
塗	362
扉	361
縁	361
勿	360
貧	360
灯	360
戸	357
就	356
ヵ	356
景	355
墜	355
敷	353
憩	353
層	351
露	347
伸	345
殊	345
七	345
札	344
竜	342
捧	341
粉	340
幼	338
幾	336
朗	335
辱	335
溶	335
妬	334
版	333
諜	332
称	332
塔	330
趣	330
緑	329
舎	329
灰	328
添	328
編	327
拝	327
麦	327
誌	326
削	326
巧	325
牧	325
阻	324
拍	324
傍	323
冬	322
五	321
円	321
双	319
績	319
ぴ	319
里	318
赦	318
芝	316
鎮	316
孫	316
翻	315
戴	314
珍	313
賊	313
陪	313
炭	313
販	312
洋	312
机	310
詩	309
踪	308
焦	306
拡	306
恨	306
即	306
懐	305
裸	305
帳	303
剥	300
肝	299
嫁	299
覆	298
典	298
湖	298
項	298
卑	297
傾	297
臆	295
羊	295
河	294
虜	294
蓋	293
滑	293
薄	291
没	290
儲	288
華	285
塩	285
六	285
溺	285
庁	285
匿	284
暑	284
涙	283
菌	283
蜂	282
井	282
巣	280
盟	280
爵	280
癒	279
央	279
鋭	278
云	278
呂	278
兆	276
縦	274
勧	273
沿	273
嫉	273
腰	273
爪	272
舌	272
豆	271
紳	271
漠	270
飢	269
甲	269
縮	268
洞	267
餌	267
齢	267
刀	266
網	266
講	265
券	265
揃	264
猿	264
肺	264
娼	263
腫	263
訊	263
蛇	261
廊	260
糖	260
ゅ	259
託	258
浅	258
ｰ	258
盤	256
幹	256
穏	255
如	255
叶	254
把	254
窒	253
吉	253
酬	251
浄	250
瀬	250
癌	249
ぺ	248
伯	247
膝	247
蘇	246
妃	246
臨	246
透	245
旗	245
ぷ	244
胆	244
徳	244
鉱	243
晒	243
爺	242
簿	241
貫	241
紛	241
熟	241
缶	240
献	240
瓶	239
賃	239
伊	238
訟	237
膚	237
謹	237
遇	236
冠	236
宗	236
喚	236
玄	236
随	235
磁	235
妖	235
劣	234
飽	232
八	232
林	231
眺	230
浪	230
嗅	229
樹	229
狭	228
棚	228
塞	228
控	228
拭	227
跳	226
拳	226
濡	226
譲	225
褒	224
b	223
径	223
郵	223
堅	223
殆	222
紅	221
躍	221
鍛	220
伴	219
慰	218
涯	218
粒	217
爽	217
槍	217
序	216
刃	216
惚	215
豊	214
翼	214
堕	214
磨	213
雲	213
池	213
辿	212
愉	211
砕	211
炉	211
ﾘ	211
熊	211
菜	210
遮	210
縫	210
凵	210
摂	209
肌	208
疫	208
臣	208
捉	207
征	205
侮	204
縄	204
繁	204
猟	203
粋	202
豪	202
湾	200
貯	200
o	199
覗	199
唱	199
癖	199
虚	198
塊	198
你	198
又	198
ｳ	196
剰	196
醜	195
丘	194
憑	194
喰	194
畑	193
董	193
婆	193
菓	193
寛	192
胃	191
浜	191
懲	191
浸	191
皿	189
購	188
軌	188
猛	187
鈍	186
宜	186
厚	186
伺	186
符	184
u	183
倫	183
t	183
嘆	183
摘	182
牢	182
汗	182
奉	182
穫	182
盾	181
杖	180
崇	180
彩	179
棟	179
轄	179
柔	178
吊	178
郡	177
藻	177
陣	176
窟	176
稿	175
濯	175
脇	175
童	175
硬	175
紗	175
糸	174
烈	174
枝	173
馴	173
崖	173
惜	172
架	172
募	172
怠	171
薦	171
竹	169
慌	169
秋	168
盲	168
批	167
沙	166
著	165
澪	165
渇	165
湯	164
江	163
崎	162
抹	162
ｨ	161
筆	161
ﾙ	161
概	160
翌	160
弓	160
鋼	160
松	160
尚	160
奨	160
鶏	159
韓	159
昆	159
昏	159
膨	159
偏	158
惹	158
詮	157
卜	157
瞳	157
蔽	157
哲	157
繊	156
瘍	155
較	155
隻	155
筒	154
寸	154
宛	154
憲	154
鈴	154
ａ	154
滴	153
殻	153
填	153
圏	152
汰	152
緩	151
甥	151
蓄	151
搭	151
妥	151
貢	151
揚	150
濃	150
隅	150
苗	149
蛮	149
窃	149
拉	148
銭	147
渋	147
祐	146
鼓	146
隙	145
漁	145
喪	144
邸	144
秩	142
詞	142
漬	142
柱	142
剃	142
逸	139
雰	139
挟	138
仏	138
泡	138
暫	137
檻	137
旋	137
均	137
溜	136
骸	136
俳	135
潮	134
藝	134
笛	134
遥	133
釘	133
旨	133
郊	133
凡	132
其	132
ﾄ	132
汝	131
岡	131
乏	131
ﾃ	131
迄	130
寺	130
ヾ	130
緯	130
痺	129
戚	129
貼	129
這	128
脂	128
乞	128
戯	128
債	128
噴	128
牙	127
窮	127
季	126
ｴ	126
敏	126
励	126
彫	126
这	125
蒸	125
湿	125
肥	125
溢	125
往	125
唇	125
腸	124
些	123
粧	123
肋	123
坂	123
軒	123
ｵ	122
垂	122
巴	122
箇	121
棺	121
詫	120
絆	120
勲	120
掻	120
痴	120
衰	119
姦	119
猶	119
荘	119
漂	119
輩	119
錯	119
扇	118
賄	118
幅	118
倣	118
泉	117
促	117
只	117
銘	117
粗	117
揉	116
迅	115
茜	115
拓	115
軟	114
么	114
或	114
菫	114
忌	114
ﾚ	114
垣	113
悼	112
克	111
搬	111
掲	111
殖	111
膜	111
斬	111
欧	111
痩	110
稲	110
逝	110
沼	109
寿	109
顎	109
穂	109
姓	108
蔑	108
苛	108
傭	107
腎	107
轢	107
該	105
ｽ	105
憧	105
伍	105
疎	104
餓	104
榴	104
銅	104
髄	104
壮	104
霧	103
枕	103
粘	103
醒	103
閥	102
籍	102
壺	102
剖	102
鞭	102
斧	102
刷	101
躊	101
溝	101
擦	101
砦	99
姪	99
需	99
淫	99
斎	99
鬱	99
匠	98
阪	98
晶	98
抽	98
頬	98
紫	98
頻	97
薫	97
贄	97
漫	97
措	97
蜜	96
喫	96
綱	96
刈	96
寮	96
躇	95
吠	95
傑	95
鞄	95
之	95
咲	95
戮	94
籠	94
榎	94
寧	93
貞	93
堪	93
傲	93
墨	93
撒	93
喝	93
礎	92
哥	91
雌	91
彦	91
疾	91
沖	91
貌	91
擁	90
宴	90
ﾝ	90
舐	90
尿	89
ｲ	89
肪	89
賀	88
枯	87
耗	87
枢	87
凝	87
逢	86
逐	86
賂	86
弄	86
昧	86
矛	86
糧	85
啓	85
舟	85
仁	85
圭	85
廻	84
唾	84
贅	84
俗	84
粛	84
亀	84
屁	84
培	83
懇	83
亭	83
脊	83
謙	83
髭	83
羨	82
阿	82
箋	82
吧	82
股	82
椎	82
仇	81
曇	80
綻	80
桃	80
撲	80
孝	80
掌	80
洪	80
傘	80
咳	80
ヲ	80
ﾊ	79
冊	79
唆	79
滝	78
壷	78
掟	78
什	78
槽	78
蝶	78
疽	77
ぃ	77
挫	76
燥	76
ｸ	76
駒	76
歪	76
个	75
呑	75
庶	75
僅	75
稀	75
卓	74
跪	74
塵	74
稽	73
九	73
涜	73
吾	73
渦	73
萱	73
孔	73
漕	73
ﾌ	73
庇	73
鉛	72
辻	72
諾	72
津	72
尔	71
訛	71
桁	71
舵	71
瀕	71
为	71
兰	71
舗	70
莫	70
弦	70
貝	70
曖	70
奢	70
貪	70
ｯ	70
憂	69
琥	69
嗾	69
鎧	69
聡	69
虎	69
珀	69
胎	69
憤	69
嵌	69
挿	69
沌	69
綿	68
珠	68
幣	68
竇	68
舷	68
ﾋ	68
鷹	67
貿	67
淑	67
勃	67
葛	66
鶴	66
墟	66
准	66
脆	65
虹	65
壽	65
馳	65
羅	64
煩	64
芽	64
囗	64
狡	63
冥	63
陶	63
睾	63
迂	63
瓦	63
凌	63
茂	62
披	62
斉	62
錬	62
栓	62
獅	62
侍	62
鍋	61
罵	61
徐	61
樫	61
鐘	61
沸	61
湧	61
茎	61
蔓	61
娯	61
稚	61
巾	60
洩	60
祉	60
憐	60
陳	60
亜	60
曽	60
括	59
顕	59
尺	59
兼	59
ゎ	59
樽	59
ｼ	59
囁	59
瞭	59
叱	59
薪	59
疆	59
媒	58
但	58
牽	58
壇	58
鉢	58
蛍	58
垢	58
寅	58
焉	58
腿	58
艇	57
柵	57
哨	57
栽	57
肖	56
蜘	56
蚊	56
蛛	56
梅	56
閃	56
猾	56
吗	56
漢	56
眩	55
仙	55
屠	55
唐	55
瞑	55
勾	55
摩	55
轟	54
殉	54
狐	54
ﾀ	54
攣	54
彗	54
紐	53
來	53
彡	53
暦	53
餐	52
訂	52
澄	52
讃	52
斜	52
智	52
軸	52
ﾅ	52
妳	52
證	51
擬	51
帥	51
雅	51
汽	51
眉	51
實	50
串	50
壕	50
隕	50
ﾗ	50
坑	50
鼠	50
宰	50
枠	50
桶	50
呆	50
睨	49
冨	49
胴	49
蒲	49
ﾟ	49
采	49
訣	49
据	48
玩	48
蒙	47
棲	47
埃	47
ﾁ	47
寵	47
呈	47
搾	47
薔	47
弔	46
譜	46
帆	46
寶	46
彰	46
奈	46
们	46
硫	46
磯	46
錆	46
併	45
说	45
诂	45
欄	45
芳	45
烏	45
騰	45
渓	45
赴	45
兜	45
琶	44
拙	44
喩	44
涼	44
厭	44
唄	44
捏	44
恒	44
侶	44
劉	44
碑	43
兎	43
过	43
肯	43
ヅ	43
孵	43
时	43
勅	43
洒	43
捻	43
也	42
桟	42
奔	42
嚇	42
穢	42
做	42
珪	42
閲	42
鷲	42
釜	42
刊	42
淋	42
遡	41
鳩	41
莢	41
杭	41
穿	41
喘	41
宵	41
枡	41
礁	41
曼	41
鹸	41
絨	40
践	40
腱	40
还	40
甦	40
毯	40
靭	40
腺	40
囮	40
臼	40
朧	40
曰	39
蔭	39
零	39
侯	39
袖	39
已	39
汁	39
鯨	39
痙	39
硝	39
羞	39
懺	39
朽	39
捗	38
槌	38
賜	38
壌	38
蕾	38
礫	38
碧	37
岐	37
頸	37
ｪ	37
淵	37
須	37
享	37
堀	37
淹	37
蝕	37
篁	37
賠	37
尖	37
斐	37
嗜	37
瑤	36
曾	36
闔	36
膳	36
峡	36
晰	36
矿	36
斥	36
李	36
篭	36
慕	36
衡	36
穀	36
ﾎ	36
瘤	35
芯	35
痢	35
ﾍ	35
姻	35
ｱ	35
梯	35
柏	35
煮	35
薇	35
ｫ	35
冶	34
綾	34
墾	34
襟	34
廣	34
畏	34
冤	34
嘔	33
祷	33
芋	33
藪	33
套	33
某	33
循	32
吏	32
禿	32
无	32
塀	32
盪	32
腔	32
耕	32
话	31
閤	31
陀	31
徘	31
徊	31
狽	31
h	31
彷	31
矯	31
徨	31
焚	31
叙	31
膏	31
呉	31
檎	31
菖	30
牡	30
肘	30
獰	30
给	30
惰	30
淡	30
贖	30
庵	30
葺	30
雀	30
氣	30
蒔	30
怨	30
蟻	30
蓑	30
慨	30
盆	30
后	29
痣	29
咎	29
覇	29
鞍	29
尼	29
篤	29
嘲	29
楯	29
仔	29
很	29
郭	29
怎	29
綴	29
腑	29
酵	29
畳	29
炙	29
酢	28
蛙	28
屑	28
ﾏ	28
长	28
巷	28
弊	28
萎	28
贋	28
挽	28
峙	28
潤	28
蓼	28
晦	28
県	27
汲	27
遜	27
煽	27
甚	27
黛	27
於	27
ｹ	26
撫	26
泰	26
埠	26
旬	26
謂	26
燐	26
柴	26
繕	26
柳	26
鸠	26
厨	26
麟	26
鸞	26
躾	26
莞	26
ﾈ	26
咬	26
祥	26
塁	26
惧	26
现	26
斑	26
憾	26
屍	26
髙	26
疹	25
唸	25
遙	25
经	25
几	25
濁	25
对	25
賓	25
纏	25
ヂ	25
挺	25
芒	25
啊	25
隈	25
样	25
蛾	25
婿	25
ｾ	24
昭	24
絹	24
龍	24
ｶ	24
褄	24
註	24
驛	24
飞	24
吟	24
嘉	24
e	24
歲	23
鰐	23
暁	23
肛	23
种	23
寡	23
难	23
旺	23
濫	23
貶	23
愁	22
踵	22
頓	22
詈	22
醤	22
烙	22
麺	22
煉	22
鍔	22
而	22
賑	22
蓿	22
癇	22
峰	22
膀	21
痔	21
畠	21
蘭	21
ﾑ	21
孩	21
娩	21
胱	21
甕	21
乃	21
潟	21
猪	21
她	21
璽	21
桑	21
隆	21
斡	21
邑	21
雫	21
伐	21
蝋	21
癪	21
队	21
浦	21
逞	21
卍	20
梱	20
咥	20
雹	20
袈	20
裟	20
撰	20
恰	20
ｺ	20
耆	20
亮	20
竄	20
諮	20
且	20
扶	20
姜	20
昌	20
听	20
厘	20
祟	20
庄	20
蕩	20
噌	20
屯	20
累	20
爱	20
呵	20
铛	20
蠣	20
ｭ	20
ｬ	20
鋳	20
膿	20
憫	19
桜	19
薯	19
悦	19
祓	19
漆	19
斗	19
窩	19
呢	19
间	19
紡	19
蟲	19
灌	19
l	19
顏	19
韻	19
亨	19
賦	19
梁	19
茹	19
霞	19
姬	19
脾	19
开	19
应	18
泄	18
麓	18
塾	18
橈	18
弥	18
燻	18
戰	18
发	18
揆	18
姐	18
凧	18
啦	18
扈	18
动	18
襄	18
爬	18
遷	18
楼	18
厩	18
阁	18
詠	18
辣	18
灼	18
ﾓ	18
罹	17
酌	17
會	17
凹	17
猥	17
嚢	17
冑	17
謁	17
迭	17
痒	17
啼	17
箸	17
岳	17
慶	17
縞	17
弛	17
欢	17
银	17
虔	17
凰	17
儚	17
泌	17
謡	17
殲	16
辟	16
醸	16
吃	16
ぢ	16
藁	16
战	16
托	16
禄	16
ｻ	16
閑	16
遁	16
譚	16
盧	16
躁	16
允	16
儂	16
廉	16
恍	16
詔	16
萌	16
藍	16
豹	16
魁	16
呟	16
炊	16
諺	16
茗	15
蓮	15
ヮ	15
恭	15
佳	15
觉	15
刎	15
譬	15
痘	15
峠	15
蛸	15
瀋	15
篇	15
褻	15
跨	15
燭	15
舶	15
櫑	15
稟	15
睦	15
喂	15
裔	15
飴	15
桿	15
鵜	15
脛	15
緖	15
鱗	15
翔	14
灸	14
ｧ	14
艘	14
駕	14
巽	14
扮	14
卸	14
繹	14
朴	14
淘	14
亘	14
杉	14
窺	14
錨	14
狗	14
浩	14
v	14
悶	14
熨	14
伽	14
蜃	14
遍	14
堵	14
輻	14
闊	14
ゝ	14
慧	14
拿	14
霜	14
緻	14
媚	14
愕	14
找	14
冴	14
鴨	13
弩	13
塚	13
竿	13
丝	13
簒	13
齔	13
函	13
幌	13
棘	13
駿	13
呻	13
秤	13
雛	13
洲	13
壱	13
亢	13
嗚	13
ﾒ	13
筐	13
碁	13
ヱ	13
浣	13
瞞	13
繭	13
鈩	13
瑜	13
嘛	13
岬	13
歸	13
ﾕ	12
鮒	12
蝿	12
跟	12
堆	12
裳	12
攫	12
窪	12
狸	12
芙	12
播	12
謳	12
见	12
蒟	12
栗	12
喔	12
杜	12
剪	12
堤	12
猩	12
笹	12
疼	12
员	12
镮	12
唖	12
收	12
儘	12
ﾜ	12
綜	12
哺	12
裡	12
陵	12
攪	12
ﾂ	12
疇	12
谢	12
糾	11
萄	11
扁	11
炒	11
遵	11
倹	11
佇	11
楊	11
从	11
頷	11
坦	11
附	11
鴉	11
氾	11
劫	11
鞘	11
糊	11
惣	11
幇	11
艶	11
葡	11
让	11
变	11
撓	11
总	11
澤	11
峯	11
鮫	11
禮	11
苔	11
禅	11
俵	10
灵	10
俊	10
磐	10
偲	10
經	10
芭	10
歇	10
鑢	10
饉	10
齧	10
菅	10
忽	10
鯉	10
輔	10
磔	10
拮	10
鱈	10
僻	10
梗	10
粥	10
笥	10
擢	10
幡	10
荳	10
螺	10
顆	10
盃	10
藩	10
韮	10
贔	10
團	10
蔡	10
摺	10
蛋	10
哭	10
骗	10
凱	10
哉	10
升	10
棍	10
咽	10
胚	10
颗	10
舰	10
续	10
餃	10
腓	10
朦	10
叉	10
瓜	10
頚	10
禽	9
卡	9
寻	9
孕	9
秦	9
弧	9
黑	9
鱒	9
漑	9
憚	9
諭	9
蓬	9
伙	9
躙	9
鉤	9
嫡	9
雁	9
夷	9
熾	9
蹂	9
曝	9
繍	9
抉	9
坐	9
鳳	9
趙	9
错	9
鉗	9
炸	9
顛	9
褐	9
备	9
晚	9
绝	9
苺	9
ﾆ	9
实	9
椿	9
瘻	9
杪	9
蒼	9
军	9
瑞	9
蕗	9
彙	9
嗟	9
鐵	9
葦	9
虽	9
枦	9
撼	9
谍	9
孃	9
瞥	8
线	8
坩	8
晃	8
摯	8
姆	8
驶	8
煎	8
诉	8
驾	8
紧	8
强	8
验	8
仄	8
业	8
牒	8
們	8
喨	8
尤	8
卻	8
鋲	8
吻	8
轍	8
埒	8
旛	8
塹	8
叡	8
楚	8
穣	8
漉	8
蠅	8
巌	8
虱	8
膠	8
躓	8
职	8
嗯	8
堝	8
ｷ	8
膣	8
匙	8
迦	8
錘	8
國	8
賽	8
两	8
諍	8
约	8
頁	8
哟	8
胡	8
拗	8
淳	8
诺	8
讹	8
ｮ	8
愿	8
牌	7
屓	7
叢	7
櫛	7
髑	7
团	7
滲	7
假	7
梳	7
诵	7
珊	7
远	7
沃	7
蹄	7
拇	7
潅	7
祠	7
鋸	7
门	7
齎	7
曳	7
桂	7
芹	7
毀	7
髏	7
眞	7
靄	7
惡	7
ｩ	7
蟹	7
别	7
瑚	7
篆	7
诛	7
呀	7
悸	7
姑	7
鵞	7
蝉	7
场	7
茸	7
樣	7
马	7
凛	7
楠	7
请	7
琴	7
鬚	7
賤	7
壬	7
丹	7
赶	7
关	7
许	7
菩	7
靱	7
它	7
嗎	6
疸	6
皺	6
炮	6
类	6
萬	6
瘢	6
弼	6
榊	6
酪	6
坪	6
啾	6
离	6
态	6
嬌	6
倦	6
誂	6
謗	6
厦	6
碍	6
柤	6
毅	6
發	6
气	6
續	6
菊	6
聳	6
嶋	6
緋	6
兔	6
瞼	6
敲	6
鍾	6
訃	6
缚	6
ﾐ	6
廟	6
珈	6
悠	6
梦	6
餞	6
丼	6
梨	6
枷	6
妈	6
鉈	6
孟	6
ﾛ	6
敌	6
泪	6
鮭	6
牝	6
伎	6
边	6
迹	6
于	6
梢	6
耽	6
猊	6
站	6
俸	6
崗	6
颯	6
柑	6
餅	6
饅	6
琲	6
誹	6
奄	6
嶺	5
嵩	5
凋	5
卷	5
碗	5
鍮	5
昂	5
蹟	5
箔	5
笨	5
慄	5
寓	5
內	5
遼	5
栖	5
櫂	5
肇	5
噺	5
錦	5
逼	5
惇	5
酎	5
菱	5
娶	5
酋	5
燼	5
蔚	5
葱	5
吼	5
翡	5
聊	5
鱚	5
劾	5
稜	5
脋	5
哮	5
碇	5
达	5
终	5
报	5
岱	5
說	5
將	5
婉	5
ゐ	5
费	5
柩	5
渣	5
玛	5
俣	5
詭	5
牟	5
蘆	5
咆	5
軋	5
翠	5
涌	5
籾	4
暢	4
标	4
宦	4
霹	4
箒	4
记	4
懃	4
沫	4
极	4
俱	4
鱼	4
饗	4
捲	4
歉	4
傳	4
麼	4
鍼	4
紺	4
犀	4
暈	4
庸	4
屏	4
麹	4
慇	4
并	4
黎	4
譫	4
护	4
椒	4
宏	4
倅	4
靂	4
红	4
掉	4
膵	4
櫃	4
拥	4
朱	4
啜	4
熔	4
畦	4
亿	4
彊	4
查	4
厂	4
悛	4
蜥	4
蚤	4
问	4
选	4
撹	4
捌	4
领	4
矮	4
紊	4
丨	4
箪	4
撥	4
掠	4
带	4
閂	4
产	4
厉	4
墳	4
杢	4
鄙	4
c	4
橿	4
撚	4
瑁	4
苓	4
乐	4
d	4
蜴	4
跃	4
喬	4
銮	4
薩	4
欝	4
亥	4
伤	4
柿	4
渥	4
弯	4
传	4
醇	4
蠢	4
恶	4
蔦	4
该	4
靜	4
确	4
认	4
魯	4
抓	4
掩	4
处	4
怀	3
纸	3
樺	3
湃	3
废	3
倶	3
湊	3
柯	3
麿	3
ﾔ	3
臀	3
哎	3
滸	3
筧	3
ｿ	3
沟	3
涵	3
魘	3
廓	3
卢	3
總	3
咤	3
筑	3
连	3
丞	3
裝	3
涸	3
箕	3
莉	3
杓	3
妾	3
蕁	3
體	3
兹	3
栞	3
欟	3
耄	3
兩	3
諒	3
躱	3
进	3
刹	3
蜊	3
隐	3
骷	3
俄	3
奶	3
囀	3
罷	3
蘊	3
搞	3
恆	3
级	3
臺	3
禍	3
怜	3
乘	3
浚	3
卦	3
碌	3
噓	3
捷	3
糺	3
荊	3
縷	3
拔	3
沁	3
巖	3
侘	3
谁	3
众	3
损	3
结	3
茉	3
皐	3
夥	3
议	3
艳	3
遽	3
焔	3
穎	3
蓝	3
玖	3
擲	3
猜	3
鸟	3
呃	3
拌	3
奸	3
裾	3
咯	3
卖	3
咄	3
启	3
燈	3
濾	3
誑	3
渾	3
煌	3
點	3
蒋	3
瀘	3
癬	3
捺	3
蛹	3
张	3
侧	3
环	3
剧	3
駈	3
錫	3
椀	3
疥	3
褪	3
櫓	3
艸	3
鱇	3
讓	3
楔	3
书	3
朋	3
沒	3
轻	3
纯	3
逑	3
击	3
蚕	3
從	3
簾	3
澎	3
弘	3
轮	3
狱	3
辜	3
婁	3
ｃ	3
暧	3
ｂ	3
鰻	3
蒐	3
蛆	3
步	3
丢	3
钱	3
髅	3
聾	3
劳	3
习	3
灣	3
樂	3
畝	3
捩	3
满	3
择	3
兴	3
办	3
嘱	3
爹	3
补	3
鬨	2
萃	2
賎	2
滋	2
篝	2
碼	2
關	2
柮	2
洟	2
嗤	2
嬪	2
鋏	2
當	2
拱	2
讀	2
n	2
驕	2
柬	2
騨	2
甌	2
艱	2
閧	2
鍬	2
蕉	2
浙	2
蟄	2
淚	2
溌	2
址	2
斩	2
僥	2
嚼	2
樅	2
筏	2
剌	2
謄	2
橘	2
竣	2
姥	2
悴	2
柆	2
帶	2
堺	2
慟	2
趾	2
艷	2
倖	2
漿	2
藺	2
鬆	2
恣	2
拋	2
纉	2
驀	2
咀	2
茫	2
脹	2
螢	2
踩	2
租	2
檜	2
涎	2
懦	2
焰	2
緘	2
搔	2
灘	2
兒	2
輌	2
ゞ	2
楢	2
飄	2
詣	2
鵬	2
憔	2
瞰	2
髮	2
