我	4163447
的	3453214
你	3028926
是	2358130
了	1908390
不	1890094
一	1305756
们	1244214
这	1219433
他	1161511
在	1138176
有	1114950
么	980880
好	843746
人	797908
个	781195
要	768544
来	728498
那	663727
什	658758
就	603805
到	602476
会	593256
没	551579
吗	542339
去	508312
说	490423
想	477065
上	453780
道	439838
看	438299
为	436581
能	430935
吧	428290
可	424399
她	421441
很	406152
知	406030
得	395572
里	395564
以	387960
子	367573
事	364612
都	353531
生	343435
过	333763
对	331820
下	330290
还	325834
也	320998
大	310900
样	296002
和	280282
啊	279274
真	279003
时	277270
天	273216
做	272332
怎	269701
出	255994
起	253324
但	246285
开	244595
只	240102
家	238220
点	236204
多	234602
给	232324
把	231562
小	230698
现	228881
如	226345
谢	208656
回	207628
些	207130
着	206628
走	205156
让	204404
意	202603
所	199903
后	198663
自	194252
别	193109
然	189048
快	185503
它	181871
地	181266
心	180489
果	169420
死	167671
跟	167307
用	166999
再	166529
话	166336
打	165480
太	164596
儿	162534
呢	162022
定	161918
妈	160856
女	160182
见	159426
行	158998
发	156363
先	156291
当	155635
等	151801
手	148497
找	147807
该	146579
前	146328
最	145745
听	145081
告	144136
因	142727
像	142717
经	139379
中	139359
被	137842
已	136763
哪	136507
爱	136210
這	136198
明	135394
面	135089
西	131973
們	131005
之	130887
法	130858
作	129894
而	128052
情	127063
老	124725
从	123202
成	123068
克	122536
孩	121943
觉	120936
斯	120288
方	117362
爸	116656
问	116507
正	114756
干	113347
次	112468
信	112291
间	112142
己	111652
年	110686
诉	108250
谁	107793
麼	106549
感	103871
安	103800
车	103520
喜	103479
进	102601
错	102327
放	101682
晚	100216
电	99551
特	99518
无	99457
叫	99111
全	98965
何	98601
欢	98202
国	97946
关	97661
比	97310
才	96902
候	96835
美	96062
动	95002
帮	94852
应	94810
认	94683
长	94584
相	93732
需	92668
机	91896
哦	91423
分	90293
常	90046
请	90023
工	89186
今	88871
直	88726
东	88434
杀	88348
实	88346
住	87540
理	87338
亲	87201
带	86590
头	86090
個	84987
來	84704
同	84316
于	84210
本	83742
吃	83595
名	83475
力	83196
公	82734
白	81896
保	81796
友	81472
种	80637
拿	80629
高	80470
重	80298
两	79616
活	79564
利	79293
身	78553
其	78100
尔	77336
学	77294
拉	77034
马	76833
钱	76678
又	76508
任	74938
离	74218
完	73867
许	73717
新	72676
受	72547
加	72510
记	72192
接	71993
望	71710
更	71576
将	70884
或	70882
思	70779
非	70773
解	70313
者	70174
德	70043
警	69323
部	69227
位	68304
會	66915
此	66810
朋	66746
三	66586
男	66409
外	66406
主	66047
第	65944
物	65573
士	65546
必	65545
少	64893
题	64101
沒	64052
边	63913
件	63730
始	63541
伙	63348
您	62882
切	62359
命	62121
玩	61443
希	61415
呀	61114
嘿	60765
早	60094
每	59019
嗎	58859
夫	58688
說	58415
刚	57579
场	57480
算	57353
结	57327
气	57246
几	57131
查	57096
字	57047
变	56553
失	56325
嗯	56238
房	55777
难	55605
办	55375
确	55331
世	55208
准	55181
管	55063
计	54943
谈	54887
体	54166
总	54035
神	54006
害	53634
路	53566
哥	53075
系	52946
抱	52542
处	52402
教	52362
通	52343
嘛	51854
向	51189
门	51185
服	50941
父	50688
日	50403
并	50210
水	50178
合	50176
啦	50135
十	49683
掉	49301
笑	49150
為	49027
求	49003
乐	48772
入	48650
官	48271
备	48269
留	47893
歉	47710
试	47489
阿	47281
表	47204
救	47059
姐	46989
员	46860
酒	46708
证	46655
尼	46359
怕	46341
罗	46290
提	46000
坐	45964
远	45799
照	45742
蛋	45714
清	45604
停	45321
星	45314
原	44917
球	44807
喝	44268
队	44182
性	44032
交	43988
口	43941
二	43932
卡	43873
战	43581
与	43466
号	43424
黑	43244
报	43241
约	42831
够	42747
师	42605
须	42497
收	42334
指	42287
枪	41946
金	41932
海	41577
眼	41503
片	41485
弟	41478
奇	41381
且	41347
使	40807
兴	40793
医	40631
格	40500
期	40423
火	40386
布	40348
還	40133
至	40004
界	39964
色	39718
伤	39557
演	39483
声	39478
婚	39431
肯	39398
送	39261
息	39195
過	39190
待	39162
底	38553
近	38435
怪	38131
目	38061
睡	37907
军	37814
由	37766
搞	37699
光	37666
识	37646
影	37554
决	37422
跑	37415
花	37391
音	37365
對	37105
米	37058
久	36791
樣	36607
度	36484
整	36436
帝	36321
空	36260
运	36091
宝	36078
持	36054
内	36004
察	35973
拜	35938
制	35923
消	35915
飞	35909
母	35764
根	35083
反	35045
贝	34612
买	34498
文	34396
哈	34265
鬼	34076
案	34042
英	34000
单	33862
周	33775
五	33584
代	33510
达	33384
巴	33231
月	32996
条	32971
穿	32895
托	32779
病	32733
平	32685
兰	32668
止	32644
亚	32596
便	32553
选	32545
四	32531
室	32248
噢	32178
王	32120
张	32025
兄	31922
時	31907
击	31851
愿	31721
嗨	31458
器	31394
棒	31322
担	31266
万	31236
护	31150
混	31077
忙	31041
抓	30735
校	30699
司	30683
站	30669
助	30563
令	30539
狗	30504
丽	30354
续	30342
论	30316
犯	30214
客	30125
写	29950
衣	29884
装	29875
包	29776
永	29703
除	29650
亮	29624
密	29379
喂	29243
疯	29163
份	29158
忘	29093
坏	29071
注	29056
血	29049
杰	28931
弄	28733
幸	28694
钟	28651
倒	28454
否	28435
绝	28237
继	28109
著	28041
紧	27971
量	27743
数	27734
基	27686
院	27595
未	27561
改	27532
越	27449
開	27419
取	27388
恩	27298
尽	27208
答	27023
姆	26835
象	26802
給	26795
强	26788
流	26750
現	26737
业	26718
伊	26679
懂	26568
迪	26536
另	26494
视	26476
林	26391
静	26367
嘴	26330
易	26314
點	26205
往	26050
跳	26029
言	25975
罪	25880
式	25879
科	25863
故	25849
雷	25848
乎	25799
礼	25710
转	25645
假	25607
船	25575
书	25528
艾	25478
品	25476
轻	25457
精	25455
麻	25384
务	25325
议	25315
局	25284
派	25072
险	25057
烦	24986
醒	24905
赛	24732
班	24722
调	24673
况	24638
史	24630
风	24611
各	24597
杯	24504
联	24476
治	24450
吉	24442
维	24402
威	24372
游	24363
线	24348
謝	24292
城	24280
民	24276
山	24260
首	24250
讲	24212
付	24174
敢	24072
拍	24008
随	23912
传	23726
立	23580
恶	23567
统	23502
曾	23452
舞	23434
破	23390
造	23332
莉	23192
连	23134
味	23102
漂	23090
半	23055
夜	23020
趣	23012
岁	22910
满	22869
冷	22794
程	22788
考	22754
圣	22735
吸	22729
复	22667
琌	22639
市	22627
却	22625
娜	22623
慢	22606
百	22544
歌	22522
讓	22498
妹	22436
及	22380
別	22348
差	22345
控	22343
存	22341
类	22316
束	22309
容	22308
脑	22288
餐	22190
支	22158
费	22158
後	22148
楚	22108
痛	22052
弹	22048
超	22007
闭	21931
化	21890
节	21817
糟	21751
步	21706
组	21677
建	21543
偷	21480
梦	21152
终	21132
块	21109
店	21104
划	20959
逃	20846
裡	20646
据	20625
油	20615
靠	20570
戏	20494
呼	20489
律	20443
娘	20363
赶	20199
参	20120
语	20072
图	20058
刻	20046
简	20017
功	19986
足	19986
区	19930
森	19908
伯	19908
卖	19895
政	19838
落	19823
伦	19809
饭	19796
蒂	19773
争	19650
話	19645
药	19613
奶	19516
唱	19468
集	19407
极	19284
引	19253
台	19229
苦	19178
术	19175
追	19165
元	19145
权	19144
千	19137
毒	19107
排	19062
即	19039
六	19025
叔	19024
昨	19021
甚	19009
波	18997
兒	18978
恐	18928
休	18901
示	18887
福	18842
瑞	18730
八	18595
深	18578
床	18570
玛	18547
热	18542
洗	18502
板	18502
莱	18397
退	18388
责	18346
弗	18343
妻	18332
楼	18311
监	18297
置	18278
义	18244
丝	18163
食	18161
换	18062
炸	18028
讨	18011
某	18003
猜	17972
团	17961
呃	17841
疑	17827
探	17819
顿	17800
射	17760
脸	17720
普	17656
乱	17585
見	17518
投	17474
迎	17467
断	17442
洛	17407
念	17381
修	17325
段	17304
录	17279
危	17224
祝	17220
导	17214
似	17156
料	17144
画	17143
激	17122
介	17108
乔	17096
石	17002
唯	16991
顾	16928
领	16844
傻	16822
标	16801
庭	16799
媽	16777
背	16775
纳	16763
鱼	16740
魔	16711
遇	16703
皮	16659
當	16633
秘	16608
惊	16582
狂	16571
奥	16556
票	16536
博	16534
产	16518
独	16486
松	16465
午	16435
香	16396
戴	16385
承	16380
架	16333
索	16304
碰	16300
凯	16289
挺	16280
观	16250
麦	16207
經	16207
赢	16194
婆	16192
街	16183
华	16169
屁	16165
灵	16125
迷	16022
聊	16009
莎	15973
共	15944
武	15922
哇	15910
则	15907
资	15891
耶	15885
狱	15825
卫	15793
急	15781
怀	15738
牛	15736
负	15729
該	15697
仅	15679
滚	15632
角	15627
值	15590
藏	15578
价	15557
骗	15555
聽	15527
设	15524
释	15523
妮	15519
码	15333
历	15333
發	15321
肉	15272
检	15146
具	15145
显	15094
脱	15080
练	15070
诺	15044
喔	15041
习	14991
操	14964
咱	14917
翻	14904
糕	14903
突	14873
南	14858
旅	14793
红	14785
州	14761
商	14750
兵	14710
展	14670
择	14665
速	14618
覺	14572
究	14510
替	14469
脚	14464
俩	14443
亡	14433
形	14379
毁	14362
沙	14353
印	14303
级	14260
啥	14228
毛	14184
塔	14084
闻	14076
浪	14055
居	14034
愛	13985
套	13981
竟	13943
推	13913
露	13910
陪	13903
验	13884
守	13880
蠢	13846
胡	13817
弃	13812
适	13812
暗	13786
妳	13594
按	13584
斗	13571
读	13502
严	13476
幕	13475
爷	13454
屋	13340
园	13340
专	13311
萨	13296
呆	13285
养	13214
睛	13212
厌	13165
剧	13120
問	13109
仍	13099
职	13086
七	13075
座	13043
丹	13024
古	12980
丈	12959
规	12947
临	12893
纪	12870
裏	12848
私	12841
瞧	12826
句	12811
暴	12783
双	12762
供	12752
尸	12741
误	12735
踪	12734
型	12716
预	12710
牙	12707
哭	12697
從	12680
举	12672
志	12631
防	12630
吓	12624
坚	12619
野	12587
爆	12573
右	12552
丢	12536
鸡	12528
称	12522
勒	12508
間	12474
堂	12463
冰	12432
股	12386
烟	12288
馆	12277
硂	12255
货	12248
左	12182
曼	12180
谋	12168
社	12064
鲁	12053
國	12038
冲	12011
捕	11982
顺	11976
围	11968
谎	11946
土	11901
败	11836
寻	11832
牌	11801
虽	11765
响	11762
莫	11761
招	11743
袋	11722
群	11659
姑	11608
细	11576
撒	11555
借	11449
遗	11440
北	11433
判	11413
致	11413
龙	11412
錯	11406
困	11387
际	11374
压	11369
菲	11368
登	11350
甜	11339
模	11331
攻	11321
咖	11298
誰	11284
翰	11263
虑	11244
升	11231
苏	11210
树	11166
烧	11148
丁	11142
箱	11131
脏	11124
降	11123
進	11120
蒙	11118
李	11111
众	11089
啡	11082
歡	11081
迟	11078
免	11078
汤	11076
获	11064
訴	11063
刀	11059
扰	11037
低	11029
移	10987
塞	10983
幫	10932
测	10929
盖	10923
種	10915
谅	10887
微	10881
搬	10861
户	10859
佛	10801
府	10772
配	10738
努	10714
效	10696
康	10688
雅	10649
辆	10648
冒	10642
坦	10636
誓	10626
應	10614
享	10610
無	10575
赌	10573
族	10560
彼	10556
請	10542
态	10525
概	10522
長	10506
汉	10497
車	10465
剩	10460
杂	10446
温	10444
菜	10436
阻	10428
银	10381
若	10371
電	10357
网	10348
属	10345
恨	10301
關	10293
摆	10286
境	10278
腿	10275
胜	10274
状	10272
顶	10238
技	10205
埃	10190
抽	10164
拥	10157
封	10144
创	10124
散	10119
刺	10091
伴	10068
劳	10046
皇	10035
動	10031
雪	10020
實	9992
研	9991
质	9954
忍	9923
認	9920
摄	9916
尝	9864
凶	9851
签	9849
勇	9844
阳	9788
列	9780
泰	9769
笔	9745
镇	9730
摩	9707
抢	9687
富	9684
笨	9681
夏	9674
毕	9651
親	9651
荣	9643
充	9636
徒	9635
酷	9605
尊	9583
吵	9569
敌	9542
東	9535
纽	9514
较	9503
锁	9477
幹	9467
哎	9446
巧	9446
學	9441
恋	9432
般	9419
於	9409
臭	9399
输	9385
河	9365
聪	9345
挑	9329
欧	9207
附	9188
营	9160
草	9150
遍	9138
课	9133
善	9131
禁	9126
伟	9126
猫	9121
抗	9103
镜	9078
累	9077
殺	9055
扔	9050
麽	9031
岛	9024
雨	9007
透	8980
熟	8973
轮	8971
洲	8968
掌	8966
训	8944
盾	8933
雄	8927
舒	8899
帶	8894
短	8884
初	8876
词	8864
木	8841
吻	8841
鸟	8832
兩	8832
纸	8822
仔	8804
项	8801
贵	8786
黄	8773
废	8738
頭	8696
迹	8681
依	8676
毫	8671
骨	8660
既	8656
辛	8636
巨	8629
撞	8628
航	8592
迈	8576
采	8556
环	8526
吹	8524
魂	8510
悲	8508
錢	8495
译	8480
沉	8475
逼	8472
烂	8470
广	8454
搭	8437
智	8419
怜	8417
醉	8411
诞	8383
饿	8372
琳	8357
躲	8347
機	8328
款	8291
灯	8286
記	8273
奖	8269
艺	8267
避	8236
鞋	8230
戒	8215
敬	8185
俄	8160
挂	8149
匙	8132
乖	8122
播	8120
孤	8051
源	8048
旁	8045
珍	8044
窗	8037
呵	8002
异	7993
审	7990
良	7988
搜	7979
妇	7965
青	7946
挥	7939
聚	7916
朝	7908
曲	7890
爵	7883
妓	7881
屎	7841
织	7827
彩	7824
九	7790
蓝	7723
灭	7707
梅	7701
洞	7686
授	7668
汽	7667
耳	7666
拒	7611
途	7602
瓜	7601
稍	7600
猪	7590
隐	7550
优	7547
副	7546
糖	7542
骑	7537
痴	7530
协	7527
厅	7526
季	7520
邊	7516
宣	7512
妙	7502
铁	7499
执	7494
邦	7481
施	7474
疗	7462
厉	7433
馬	7429
璶	7423
归	7391
許	7373
库	7344
闹	7285
瑟	7265
帕	7260
势	7247
弱	7244
盘	7233
碎	7230
厨	7222
旧	7203
层	7196
洋	7195
景	7183
題	7183
烈	7165
租	7158
村	7141
離	7134
末	7128
健	7106
結	7094
圈	7079
辈	7077
忆	7039
犹	7035
财	7032
拖	7027
醫	7003
绑	6992
钥	6969
限	6953
典	6949
叛	6930
例	6907
陷	6896
折	6893
桌	6893
默	6873
章	6858
黎	6831
蜜	6799
席	6799
漫	6795
變	6775
祖	6755
档	6736
鼠	6727
诚	6715
朗	6713
素	6710
逮	6704
允	6695
裤	6687
爾	6682
茶	6663
缺	6637
怖	6628
剛	6628
瓶	6617
赚	6616
疼	6610
摸	6597
辦	6589
访	6570
牢	6554
堡	6553
猎	6544
残	6543
材	6539
嫁	6527
粉	6521
欠	6514
愚	6496
熊	6487
幻	6486
党	6485
育	6478
恭	6475
督	6468
將	6454
惹	6450
難	6448
旦	6416
雇	6411
驾	6405
握	6402
瓦	6400
惜	6391
碞	6386
扯	6375
劫	6366
互	6361
迫	6327
霍	6323
尿	6319
饼	6310
拳	6300
秀	6291
硬	6283
滑	6261
尺	6260
软	6253
場	6251
童	6240
唐	6235
墙	6234
补	6231
隔	6192
陆	6180
穦	6177
闪	6167
砸	6163
赞	6152
症	6145
邀	6140
尤	6130
净	6112
秒	6096
娃	6086
弧	6025
染	6020
奋	6017
劲	6010
堆	6006
沃	5996
偶	5985
泡	5955
氣	5955
绍	5952
幾	5949
尖	5942
刑	5926
启	5918
朱	5911
遭	5911
编	5906
寄	5905
谓	5902
杜	5894
確	5886
扮	5880
虫	5875
触	5866
阴	5856
罚	5854
圾	5853
姓	5848
談	5844
孕	5838
婊	5831
田	5828
垃	5813
躺	5803
稱	5799
尉	5798
序	5780
試	5776
讯	5761
庆	5759
帅	5759
鲜	5750
摇	5723
羊	5717
宁	5700
胸	5697
磨	5694
港	5685
總	5671
爬	5667
袭	5659
尾	5654
盛	5641
卢	5638
估	5604
墨	5596
卷	5590
詹	5580
潜	5573
宇	5559
率	5553
嫌	5552
啤	5540
宾	5539
赏	5539
颗	5527
琴	5521
胁	5506
拾	5505
佩	5494
农	5484
扫	5477
仇	5445
愉	5437
體	5430
憾	5427
撤	5422
咬	5409
占	5407
備	5390
援	5387
核	5382
芬	5364
處	5361
胎	5355
余	5354
插	5349
灰	5349
員	5345
荒	5335
梯	5334
乡	5332
怒	5318
委	5315
踢	5306
忠	5294
欺	5287
络	5283
門	5282
樂	5270
祈	5269
祷	5257
丑	5255
损	5250
订	5250
悔	5246
评	5239
冠	5216
阵	5203
惯	5196
范	5187
肚	5175
惨	5172
端	5169
喊	5167
敦	5163
準	5159
鲍	5152
暂	5144
計	5133
胆	5133
吐	5129
敏	5119
咪	5116
埋	5113
晨	5107
狼	5104
亨	5101
凡	5090
盯	5078
版	5075
擦	5075
宫	5060
扎	5043
销	5015
批	5001
寓	4994
桑	4983
纯	4982
春	4980
赖	4973
豪	4959
帽	4948
帐	4943
夠	4937
泳	4935
傲	4933
兽	4931
针	4926
挖	4920
爽	4900
略	4897
陛	4889
征	4887
构	4879
侵	4869
伍	4861
邮	4851
欲	4842
朵	4841
稳	4836
增	4834
奏	4822
尚	4817
惧	4803
師	4792
谷	4789
浴	4785
葬	4782
郎	4781
珠	4770
震	4767
减	4766
乘	4761
俱	4753
载	4752
括	4734
甲	4732
牲	4728
池	4714
邪	4712
鼓	4709
抵	4700
剑	4688
厂	4686
牧	4673
敲	4672
额	4666
虚	4662
液	4659
君	4657
胖	4651
黛	4644
策	4639
羞	4632
耐	4617
鼻	4610
暖	4606
爹	4601
竞	4594
挡	4589
盒	4570
绿	4554
豆	4549
咒	4548
貌	4545
炮	4534
姨	4523
並	4523
興	4510
耍	4504
舰	4504
域	4497
盗	4493
掩	4487
遠	4484
荷	4484
诗	4484
決	4480
抛	4478
钻	4478
距	4459
夺	4455
報	4431
傷	4421
虎	4420
匹	4418
倍	4416
證	4411
剪	4404
燃	4393
址	4390
澡	4378
巫	4377
識	4376
笵	4375
烤	4366
零	4362
省	4346
频	4332
偏	4330
選	4329
嘘	4321
葛	4316
述	4311
纹	4306
罢	4299
革	4297
键	4295
戰	4285
企	4274
彻	4272
献	4272
仰	4250
萬	4244
奴	4241
障	4237
贾	4214
稣	4201
裁	4200
宗	4196
岸	4187
恢	4169
固	4162
驶	4160
勃	4158
糊	4152
佳	4151
仪	4144
摔	4128
宙	4119
渴	4112
戈	4107
洁	4103
叶	4095
肥	4092
約	4078
违	4077
須	4065
拼	4051
墓	4051
湖	4048
拯	4047
贱	4037
奈	4035
隊	4026
植	4025
碍	4024
宜	4024
绪	4022
饮	4019
兹	4012
京	4012
裂	4007
姻	4005
申	4000
趴	3996
怨	3994
描	3965
颜	3963
桥	3959
逐	3957
账	3951
捉	3945
壁	3944
珊	3943
蛇	3940
癸	3934
贴	3932
云	3931
艘	3927
益	3926
瞎	3923
厕	3916
軍	3902
呐	3890
椅	3881
砍	3869
陈	3866
遵	3854
辱	3852
佑	3852
割	3851
荡	3839
產	3837
聲	3830
予	3826
齐	3821
赫	3812
買	3810
盟	3809
延	3809
辞	3807
薄	3807
符	3795
柏	3794
伸	3776
殿	3773
卧	3767
抬	3741
奉	3729
巡	3719
號	3716
撑	3710
仿	3698
槍	3688
娅	3688
闲	3677
拔	3676
奸	3672
侦	3663
胞	3660
妞	3657
扣	3655
佬	3650
喷	3646
辜	3643
惑	3631
乌	3623
返	3621
娶	3618
宽	3616
芝	3611
奔	3609
秋	3603
逊	3602
阶	3597
汗	3593
贺	3593
張	3592
阁	3589
欣	3588
济	3587
邻	3586
兔	3585
蕾	3582
韦	3576
潮	3573
渡	3570
粗	3548
運	3537
眔	3532
耻	3518
牺	3517
單	3516
仙	3515
腔	3513
羅	3510
丧	3502
矩	3498
廉	3498
冬	3497
融	3495
眠	3488
凭	3481
箭	3477
誉	3475
辣	3474
擔	3473
術	3472
筁	3469
柔	3459
忌	3455
召	3451
绕	3450
辩	3437
筑	3429
唔	3428
條	3427
柜	3425
續	3421
歇	3412
內	3410
购	3402
杉	3399
泽	3397
涉	3394
殊	3394
剂	3393
趟	3391
柯	3386
灾	3383
痕	3378
芭	3374
護	3368
晓	3360
穷	3355
铃	3348
壮	3339
钢	3338
寶	3335
寫	3334
漏	3333
昂	3328
哟	3322
玉	3321
孙	3319
與	3315
慈	3307
臂	3307
狠	3294
緊	3292
肩	3271
陌	3266
韩	3266
舱	3257
涂	3254
闯	3251
萝	3235
膀	3228
絕	3227
昏	3219
圆	3218
舍	3218
猴	3218
猛	3216
瞒	3215
缘	3214
寸	3206
幽	3196
含	3194
酱	3193
伏	3187
耀	3186
腊	3185
缩	3178
绳	3178
滩	3166
婴	3165
积	3157
願	3155
脆	3151
骄	3151
愈	3151
繼	3148
售	3142
夹	3141
強	3140
倾	3135
窃	3125
蛮	3124
湿	3105
靜	3102
患	3091
蜂	3091
業	3081
摧	3072
饰	3069
艇	3066
污	3066
汁	3064
链	3060
押	3055
壞	3054
啰	3052
贼	3051
甩	3044
哼	3044
薇	3042
拆	3030
署	3024
裝	3023
裙	3022
唤	3019
惩	3018
歲	3015
桶	3014
诱	3011
況	3008
溜	3007
巾	3007
玻	3003
擅	3000
悉	2994
飛	2987
傢	2982
渐	2977
旋	2976
琪	2972
币	2965
禮	2962
媒	2959
忽	2958
宿	2950
泥	2945
舌	2941
輕	2941
妒	2938
揍	2936
仁	2934
乳	2931
骚	2929
江	2928
庄	2926
驱	2924
論	2921
讽	2919
係	2918
冻	2913
衡	2913
祸	2911
孔	2910
钩	2901
伪	2900
惠	2896
吊	2888
痷	2887
腐	2881
脖	2879
趁	2877
牵	2875
恕	2874
振	2873
幅	2871
焦	2866
矶	2860
钮	2860
径	2853
亞	2849
刷	2843
辑	2841
瘋	2834
滴	2833
吞	2825
轴	2822
崔	2822
慌	2820
崩	2805
唉	2805
讶	2796
漠	2792
仓	2785
書	2782
骂	2770
咯	2769
侠	2766
宴	2766
晕	2761
參	2760
裸	2758
挣	2756
肖	2755
踏	2753
佐	2750
析	2750
肤	2745
龄	2742
俊	2741
慰	2735
胃	2734
貝	2732
妥	2729
聯	2725
偿	2723
凉	2719
挤	2719
债	2717
扂	2710
擊	2703
轨	2700
衫	2697
撕	2697
霉	2694
缝	2692
隆	2688
疾	2687
扇	2685
葡	2685
視	2684
凌	2679
艰	2676
璃	2674
覆	2673
粹	2669
填	2667
扭	2666
淋	2666
煩	2660
齿	2658
慧	2658
愤	2656
煮	2649
恰	2645
議	2643
罩	2638
仗	2633
肠	2633
炒	2631
淡	2629
夸	2627
贩	2627
桃	2625
井	2621
遥	2615
講	2608
脉	2608
瞷	2598
咋	2586
汀	2578
勾	2578
坠	2575
篇	2573
囚	2572
甘	2571
卻	2569
萄	2562
隨	2558
務	2554
屠	2552
捐	2550
胶	2550
幼	2549
泄	2548
尘	2545
風	2543
穆	2541
卑	2536
役	2528
棍	2518
飯	2512
鐘	2511
董	2511
趕	2510
递	2508
連	2507
賽	2507
丸	2500
險	2499
達	2498
隶	2497
浮	2496
簡	2496
組	2495
癌	2492
汇	2492
秨	2490
嫉	2489
轰	2489
杆	2488
弯	2488
珀	2481
袖	2473
忧	2472
泪	2465
盡	2462
碗	2461
丰	2459
罐	2459
數	2458
廊	2454
逗	2448
毙	2447
蹈	2445
俗	2437
纵	2435
宰	2434
栋	2432
翴	2431
乾	2423
嘉	2421
励	2420
踩	2410
託	2409
僵	2407
培	2404
赔	2400
費	2399
钉	2393
喘	2384
蛤	2381
勤	2374
寂	2374
調	2373
猩	2370
哀	2369
缠	2363
矿	2352
滿	2352
蘭	2351
終	2350
夥	2345
癬	2343
堪	2341
琵	2338
堵	2335
狮	2335
揭	2335
擎	2330
磅	2319
跌	2318
页	2317
沿	2316
甸	2316
衬	2316
鹰	2311
闷	2302
妖	2299
畫	2293
恼	2291
捡	2286
舅	2284
诸	2283
塑	2274
侧	2271
厚	2269
崇	2268
披	2267
換	2265
腦	2262
番	2261
赐	2260
爭	2259
義	2259
恒	2257
亏	2256
抚	2254
彈	2250
賣	2240
資	2238
傅	2238
傳	2236
薪	2227
央	2226
旗	2222
毯	2219
缓	2216
拘	2215
討	2210
措	2207
刮	2206
宠	2201
責	2197
腰	2197
慕	2193
喉	2192
轉	2190
跪	2190
繁	2189
脾	2187
诊	2186
戲	2183
茜	2177
姬	2177
拦	2177
維	2175
截	2174
宋	2173
節	2165
赋	2165
逻	2163
杠	2163
谍	2159
雾	2155
習	2152
玫	2151
氧	2151
肌	2145
尬	2142
磁	2142
瞄	2140
鹿	2139
夢	2139
弥	2136
逛	2129
寒	2128
據	2128
诅	2123
翅	2119
佣	2116
妆	2115
厄	2110
悄	2110
龟	2105
魅	2103
窝	2101
閉	2100
储	2088
類	2083
狄	2082
仆	2077
瑰	2076
嘲	2073
税	2067
械	2067
鲸	2066
導	2066
統	2064
潘	2064
扬	2063
睁	2063
挨	2058
獨	2058
刘	2056
線	2055
監	2052
塊	2051
酪	2046
熬	2046
臣	2042
茨	2038
叉	2035
丛	2026
川	2021
扶	2014
丫	2014
茄	2013
溃	2013
鹅	2012
抖	2010
悬	2009
册	2003
篮	2003
唇	2002
瘾	1996
屈	1990
酸	1989
淘	1988
叹	1984
觀	1981
麗	1978
氏	1971
铺	1971
琼	1968
郁	1964
愧	1963
藤	1961
負	1960
兜	1953
炉	1949
瘦	1948
钓	1948
沟	1940
岩	1939
蛛	1937
雕	1932
級	1925
澳	1924
侣	1923
倦	1920
贫	1910
矮	1909
辨	1907
膝	1905
聖	1903
劝	1901
裹	1900
尴	1899
苹	1896
斕	1896
劃	1891
询	1889
匪	1888
搅	1887
顧	1887
柴	1884
捷	1884
惡	1880
宅	1875
垒	1872
鄙	1872
拨	1869
藥	1867
腹	1866
镑	1865
噩	1864
详	1859
栏	1857
扁	1855
妨	1853
饱	1853
懒	1846
谬	1846
饶	1841
灌	1839
催	1837
疲	1835
逝	1832
罕	1832
穴	1831
懦	1829
莲	1826
樓	1825
豹	1824
爺	1821
蹲	1818
領	1817
扩	1817
斷	1815
驗	1815
横	1814
礛	1811
瞬	1805
僅	1801
湾	1800
肮	1798
茱	1797
區	1796
抹	1791
壳	1784
谱	1784
槟	1783
肺	1783
薯	1782
贏	1778
贷	1777
虐	1775
臉	1773
團	1771
淹	1771
語	1770
圖	1766
姿	1764
绩	1763
祭	1763
贪	1762
淫	1761
紀	1761
斤	1760
赎	1759
抑	1758
滋	1758
祥	1751
泣	1749
谨	1747
煎	1747
吼	1745
練	1745
亂	1745
亿	1744
添	1743
翼	1742
乏	1740
權	1734
衰	1733
厭	1733
均	1728
卜	1726
耗	1725
笼	1724
哩	1723
紅	1723
騙	1719
殖	1715
蜘	1708
侄	1707
瑪	1703
纠	1699
棋	1699
筹	1698
晃	1697
歷	1689
锋	1687
錄	1686
擇	1686
復	1683
砰	1682
贡	1681
侍	1676
浑	1671
谜	1670
遊	1670
拐	1670
芙	1669
筋	1668
荐	1668
顯	1666
畜	1664
苍	1654
遣	1653
腳	1652
峰	1649
泉	1646
缉	1646
胳	1640
則	1635
疏	1634
瞭	1634
摘	1632
隻	1631
蝠	1628
哲	1628
釋	1624
寞	1624
熱	1624
棄	1619
滾	1619
疫	1617
傑	1617
犬	1615
盲	1614
赤	1610
腾	1607
紫	1605
搏	1604
御	1603
繫	1601
晶	1600
坑	1598
诈	1597
枚	1596
赣	1595
诡	1594
嚴	1591
阱	1591
檢	1590
丘	1589
價	1586
慎	1576
庞	1576
適	1575
銀	1575
勝	1573
邓	1570
極	1568
迅	1568
蝙	1561
倆	1559
跨	1559
唬	1558
設	1558
標	1555
伞	1554
杨	1554
肃	1552
契	1550
膊	1548
妄	1546
脫	1544
映	1544
阅	1542
霸	1542
挪	1541
漆	1541
狦	1541
洱	1540
戚	1540
坟	1535
陶	1532
渣	1531
稲	1530
窥	1529
篷	1527
棵	1526
哨	1525
酬	1521
循	1520
沮	1512
沾	1512
飘	1510
剥	1510
粒	1510
藝	1509
驚	1508
柱	1506
諾	1505
鸦	1505
奧	1504
魚	1502
碼	1501
蜡	1500
挽	1499
谊	1499
鸭	1497
懷	1495
锅	1494
雖	1493
坞	1493
專	1493
碟	1488
靈	1486
烫	1483
侮	1482
涯	1477
捣	1476
筒	1473
稀	1473
畏	1472
鉴	1471
诀	1469
祇	1469
園	1468
扑	1464
眾	1463
衛	1460
堕	1452
饥	1451
菌	1451
亦	1451
袜	1449
氛	1449
润	1445
瓣	1439
枝	1437
咳	1435
讀	1434
嚇	1433
塌	1429
浓	1428
垫	1425
養	1423
娱	1417
悦	1417
謊	1413
壓	1413
毀	1412
劇	1410
绅	1408
勋	1408
囊	1404
腕	1401
兼	1400
鲨	1395
缸	1394
倫	1394
疚	1391
掘	1388
卓	1387
喇	1382
藉	1379
凑	1376
呈	1376
雀	1373
炼	1372
俘	1364
谣	1364
歧	1363
姊	1362
昆	1361
粘	1359
咙	1359
喽	1359
屏	1358
呜	1358
辉	1358
蝴	1357
矛	1355
橄	1354
促	1354
串	1350
羽	1349
劣	1345
笆	1343
跃	1342
虾	1342
棺	1340
寿	1337
咦	1337
洪	1336
丟	1336
疤	1335
焰	1335
館	1334
抄	1333
盆	1332
職	1328
匿	1328
携	1328
玡	1326
竭	1325
舉	1323
删	1323
狐	1322
翁	1319
汰	1314
垂	1314
摊	1312
叭	1312
坡	1311
绘	1309
狀	1304
稿	1303
棕	1302
烛	1302
規	1298
獄	1297
肝	1296
椒	1295
燒	1292
瘤	1292
脂	1292
創	1291
岿	1290
聞	1290
慮	1287
痒	1285
猭	1285
狙	1284
輛	1283
削	1282
麥	1277
堅	1277
铐	1274
華	1274
廷	1271
斑	1264
舔	1261
盐	1261
順	1261
鸣	1259
洒	1254
夕	1252
夷	1251
冈	1250
皆	1250
蝶	1246
郡	1245
衷	1244
貨	1240
榄	1239
崽	1237
盔	1237
鞭	1235
孟	1235
遮	1230
坎	1227
淇	1227
爪	1226
匆	1226
辅	1224
驴	1223
樹	1222
娩	1220
蹤	1220
隧	1220
喬	1220
簽	1219
豫	1219
際	1219
氓	1218
頓	1217
叮	1216
誤	1216
悠	1215
舧	1213
網	1213
咕	1212
朴	1207
砆	1207
晒	1207
浅	1205
賸	1205
玲	1204
納	1204
嫂	1200
奎	1200
耽	1200
拟	1199
逆	1199
態	1198
津	1197
盼	1196
厢	1196
煙	1193
芳	1192
笛	1192
梁	1188
坛	1188
菊	1187
肿	1187
預	1185
巢	1185
庙	1185
呦	1184
蒸	1184
遲	1184
槽	1183
凝	1181
岆	1181
萊	1180
寺	1180
眉	1177
浩	1176
乞	1175
敗	1175
兮	1175
響	1175
躁	1175
悟	1173
竒	1169
狸	1169
驻	1167
吟	1167
譯	1166
屍	1165
届	1163
狡	1162
鬆	1162
莓	1160
纱	1160
凱	1157
础	1156
雙	1156
枕	1152
靴	1152
寡	1150
浆	1149
孽	1148
呕	1148
畢	1144
戶	1143
雞	1141
喻	1141
扳	1141
熄	1140
眖	1139
厩	1138
戳	1138
咐	1133
睹	1130
旨	1130
螺	1130
鬥	1128
捅	1126
兆	1126
乃	1123
細	1123
聋	1123
禗	1122
柠	1121
馅	1121
鎮	1120
苗	1118
稽	1117
橡	1117
匠	1114
呗	1107
檬	1105
炳	1104
煤	1104
姜	1103
嚷	1102
旺	1102
牡	1101
侯	1098
卵	1097
婶	1096
迁	1096
翔	1095
遺	1095
镖	1093
蚁	1092
腥	1089
慨	1087
蘇	1086
漢	1084
蓄	1084
绵	1083
梳	1082
棉	1081
肢	1081
攝	1077
擾	1077
庇	1077
券	1076
履	1076
髮	1075
垮	1072
榮	1072
岗	1069
憎	1069
鏡	1066
颠	1066
屬	1065
曹	1064
溫	1063
厲	1063
炫	1058
獺	1056
脊	1056
賭	1055
測	1055
泊	1052
桩	1052
赠	1050
歪	1050
伐	1049
芒	1048
吴	1047
宵	1047
粪	1046
弊	1043
炎	1043
膜	1043
焊	1042
勿	1039
膏	1039
敞	1038
週	1034
絲	1033
捏	1032
秈	1032
滥	1031
戀	1031
艳	1030
聘	1029
雜	1029
徽	1029
览	1028
較	1028
黃	1025
郊	1024
愁	1022
輸	1022
圍	1022
涨	1021
杖	1021
輩	1021
嘱	1019
廣	1019
豚	1018
秩	1016
顽	1016
筿	1016
魯	1013
闽	1010
歹	1008
橙	1006
吩	1005
膛	1005
呻	1005
蛙	1005
噪	1002
叨	1002
礚	1002
沼	999
製	997
帆	996
拷	995
柑	993
卸	992
獲	990
翠	989
畅	989
籍	988
稚	987
猾	985
鎖	984
茫	983
诶	983
纷	981
蝇	980
勉	978
碧	977
暑	976
諒	976
敵	975
哮	975
鸽	974
蔽	971
慷	970
搶	970
謀	969
凤	968
柄	967
咽	967
逢	966
粄	965
颈	965
跤	964
聰	963
辐	963
吨	963
橱	962
涌	961
搁	958
掠	956
赴	953
蟹	948
彭	948
剃	946
墅	946
弓	945
浸	945
餓	945
肾	944
嗑	943
稦	942
療	941
悼	939
貴	938
臨	937
勞	935
蕉	934
驼	934
嘗	934
厦	933
掏	932
爛	932
憐	931
崖	931
碑	930
岂	930
尋	929
狥	928
晰	928
龍	928
誕	926
陽	925
輪	925
贿	923
醋	921
尹	920
钞	919
頂	917
绞	916
峡	914
樱	912
棘	912
筆	912
幢	908
烹	907
擁	906
讼	905
庫	905
陋	904
贸	903
泼	901
皂	901
铜	900
虹	899
骸	897
稰	897
秃	896
刹	894
贞	892
跡	890
哄	889
狩	888
蓋	888
翘	887
戮	886
趾	885
肆	884
饵	884
闆	884
菇	883
咧	882
粮	882
疭	882
颤	882
酗	882
吁	880
湯	879
狟	878
梨	877
碳	876
挚	875
哑	874
衝	872
忏	871
蔼	870
營	868
嗷	864
訓	864
巷	862
瓳	860
逞	860
刊	858
铲	858
涴	858
葱	856
郑	855
臀	852
谦	852
驳	850
協	850
課	850
優	849
瀑	849
阔	846
鳄	846
詞	843
崎	842
禽	842
寇	842
嗜	841
吾	841
環	841
掛	839
紙	838
燕	836
竹	835
蔬	834
棚	834
蔓	833
揮	829
伽	827
剖	824
蠅	824
宪	820
淑	819
霜	819
憶	817
昧	817
藍	816
赦	814
榜	813
锤	813
躯	812
癘	810
捧	809
柳	809
賺	808
攀	806
弦	804
裕	804
窒	804
質	803
織	802
臟	802
牠	802
渔	802
斥	802
捞	800
兇	799
隱	799
虏	799
鬧	798
謂	798
溺	797
锯	796
紐	796
帥	795
嚼	795
恳	790
哔	789
唷	788
县	785
癡	785
眨	785
冤	784
袍	784
廳	782
砖	780
吱	779
廢	778
榴	777
羡	776
帘	776
嗽	775
颁	775
屉	771
偉	771
裔	770
補	770
坻	770
執	769
豬	769
募	769
咸	768
茎	767
薩	766
魁	765
咨	762
斜	759
繷	759
儒	755
锐	755
驯	755
珨	755
嗅	753
靡	753
奢	752
仑	752
铅	752
坊	752
叙	749
框	749
酵	749
歸	746
壶	746
谭	746
冯	745
衄	745
斧	744
缅	744
嬷	744
歐	743
糑	743
勺	742
哗	742
燈	740
舟	738
項	736
擺	735
媚	735
嗓	734
萧	733
贯	733
複	733
吶	732
枯	730
誠	729
秆	728
锻	727
斩	724
舊	723
婪	721
晴	721
肈	720
皑	719
栽	719
螂	717
穌	717
撇	717
灿	716
砛	716
泛	715
饪	715
捆	715
徐	714
癫	714
坝	714
驰	713
挫	711
審	710
騎	710
獎	709
婦	707
熏	707
評	705
噜	704
盽	704
综	703
盿	702
逍	701
黏	700
癖	699
掐	699
蹦	699
島	698
貓	697
咆	697
憋	696
嗡	695
殴	695
钡	694
胀	694
鐵	693
晋	692
膽	692
黨	692
俺	691
肋	690
礁	690
颂	689
紹	688
掰	688
財	685
枉	683
铭	683
揪	682
鄉	680
绊	679
滅	679
蚂	678
惕	678
堤	677
暫	675
獵	675
腺	675
窖	674
蒜	674
沫	673
掷	673
農	672
卦	671
瞶	671
唠	670
瑚	669
逸	669
芯	669
稻	668
匈	667
轿	666
浇	666
芽	666
扒	666
坪	665
佈	664
閃	664
梭	663
楷	663
窍	661
甡	660
赂	660
茉	660
赵	660
剔	659
骆	658
芥	658
绰	658
蹭	658
嗦	657
雌	655
淨	654
叠	653
編	652
兑	651
侈	649
祟	648
撼	648
採	647
煌	646
绷	645
昔	644
嫩	643
肪	642
劈	641
娇	641
盤	640
慣	639
橘	638
訊	636
穩	636
褲	634
豁	634
簿	634
殘	633
腻	632
鑰	632
僚	632
瘟	632
悯	631
魏	630
虔	630
贤	629
燥	627
訪	626
践	625
氨	625
躬	623
弘	622
骤	618
舵	617
勁	616
沦	616
牆	616
阀	613
屌	613
嬸	611
朮	611
谐	609
搂	609
檔	609
額	608
莽	608
俯	607
獻	607
裘	606
溪	606
勢	604
衔	604
媳	603
掃	603
瞪	603
穝	603
蓬	603
孝	603
曝	602
垛	602
焕	602
徹	602
玂	602
沸	602
綁	601
焚	600
脅	600
奮	600
璸	600
慶	599
勘	599
岳	598
酋	597
撬	596
庸	593
拧	592
栗	592
婓	589
琩	589
褐	587
溢	587
寧	586
谴	585
栖	584
澤	584
嘅	584
饒	582
驹	582
獶	581
幣	581
簀	581
搖	580
陀	580
麵	579
醇	579
飙	579
窟	577
異	576
锡	574
蟑	574
锦	574
拽	572
冥	571
罰	571
朕	569
塘	568
桂	566
乙	565
汪	563
飲	563
咩	563
蜥	563
廚	563
渗	563
噬	563
侏	563
爲	563
髦	562
喋	562
咁	560
醚	560
載	559
苔	557
蘑	557
觅	557
絡	556
僧	556
鸿	555
亵	555
薛	554
炖	554
缴	553
朽	552
觸	552
伺	551
濟	550
儘	550
盈	549
竖	549
杏	548
軸	548
嬉	547
皱	546
拇	546
鳥	544
渺	543
匡	542
襲	542
掀	540
咚	540
悍	538
渊	538
浦	537
梵	537
矗	537
扛	535
屿	534
億	534
澄	533
欸	532
髒	532
鱿	531
钝	531
沈	531
窄	531
婷	530
卿	530
毅	528
烘	528
訂	528
碭	528
溶	526
賞	525
刃	525
懼	524
顆	524
緒	522
蚊	522
損	522
妃	522
冕	521
瘫	521
絋	520
疹	520
陣	519
臺	518
厘	518
贊	518
辽	517
慘	516
绒	514
丐	514
純	514
拓	514
髓	513
耿	513
層	513
猶	513
缆	512
楊	512
匕	512
宏	512
倉	512
凳	511
熔	511
簆	511
嘟	511
蚀	510
鮮	510
階	509
婿	509
脈	508
郭	508
缚	507
徵	507
禱	506
綠	505
栓	504
闸	504
辰	503
陰	503
酿	502
赃	502
捍	502
奪	501
陸	500
懈	499
紋	498
挠	497
遜	494
螟	493
膨	492
蝎	491
廠	490
韓	489
萌	489
敷	489
痊	488
嚎	488
椰	487
帖	487
悚	487
馨	487
嚣	486
瘸	486
鞠	486
債	486
惫	485
酥	485
辖	484
吕	484
針	484
颇	483
競	483
壤	482
猁	482
構	482
拋	481
菠	480
啃	477
裴	477
僻	476
碌	476
紈	475
粥	474
饲	474
魄	474
苛	473
齊	473
癒	472
矹	472
狝	471
孫	471
溅	470
瑜	470
駕	469
拌	469
硕	468
鋼	468
屑	467
軟	466
掺	466
靶	466
熙	466
啪	465
舷	465
酚	465
抉	464
聆	463
鄰	462
纤	461
凿	461
锈	460
斐	460
闺	459
卒	459
函	458
跋	457
渎	455
詩	453
呛	453
妦	453
耕	452
恙	451
矪	451
墟	450
哒	450
犀	450
滨	450
沐	450
顏	450
瓷	449
啟	449
衍	448
啸	448
煽	447
憩	447
曉	446
擒	445
姥	445
賴	445
陨	444
噁	444
蒋	443
橇	442
羆	442
炭	441
氮	441
睾	440
蜴	440
凰	439
誒	438
椎	438
吠	438
喲	436
阑	436
桨	436
痪	435
飓	434
嘞	434
猿	434
榨	431
鹦	431
賓	430
寨	429
绸	429
隙	429
葵	429
呱	428
皊	428
頗	427
犧	426
靓	426
硄	424
頻	424
虛	424
辭	423
茲	422
宮	422
撐	422
囉	421
羔	421
帳	421
喃	420
違	419
钦	419
肛	419
肘	419
陳	418
徘	418
徊	418
踝	417
涡	417
貼	416
螃	414
滤	413
亥	413
砂	412
佢	411
潔	410
罷	410
羶	409
昭	408
拭	408
劑	407
漸	407
矢	407
甥	406
咔	404
傍	404
绣	404
妍	403
蔑	403
旱	403
喵	402
拙	401
骰	401
颊	401
貸	401
蓉	401
儀	401
亩	401
淌	401
硫	401
塚	400
懲	400
渠	400
竊	399
窾	399
証	398
岔	397
镯	397
蚤	397
喀	396
減	396
蘋	396
頌	395
鼎	395
虱	395
甭	394
栅	394
琐	394
笲	394
锚	394
穹	393
賤	393
葉	392
鹉	391
茂	391
憑	390
診	390
邱	390
坨	390
茸	390
盢	390
株	389
窮	389
芮	389
蔡	389
泵	389
挟	389
閒	387
烁	387
肴	386
呸	386
簧	386
喪	386
韵	385
礙	385
叽	385
嗝	384
瑕	384
糶	383
怯	382
乍	382
郵	381
矫	381
盜	381
哋	381
玄	380
狭	380
驕	379
涕	379
咎	379
鍵	379
夭	378
罵	377
瓁	377
崭	377
羚	377
俏	377
咻	376
睲	375
俠	375
儲	374
擋	374
涅	373
齡	373
涵	373
辫	373
藩	373
彬	373
餘	372
銷	372
跺	371
陵	371
鮑	371
遛	371
吮	369
仲	369
琢	368
餅	368
秦	368
缪	367
唾	367
譽	367
昵	365
佔	364
萤	364
凹	364
拚	364
柬	363
恥	363
祂	363
溯	362
剁	362
償	362
珂	361
骷	361
痙	360
睦	360
坤	360
踞	359
蹄	359
芹	358
禦	358
誘	358
伎	357
廁	357
糙	356
蹋	356
惭	356
磕	355
賊	355
傾	354
晦	353
琍	353
乓	352
暮	352
獸	352
扼	352
辙	351
瞴	350
闖	349
哆	349
濒	348
碾	348
蟲	348
烏	348
釣	347
鸥	347
绽	347
颅	347
隸	346
孵	346
迭	345
沖	344
艦	344
盏	344
緣	343
淚	343
狒	342
蕊	342
彗	342
眶	342
诵	340
殉	340
憤	340
霆	340
噓	339
瞳	339
啄	339
築	339
芦	339
煞	339
鑽	339
焉	339
嚟	338
晾	338
乒	338
蜗	337
潛	337
洽	337
膚	337
佽	336
盉	336
徙	336
瞞	336
饺	336
侬	335
誌	335
購	335
禍	334
泻	334
昼	334
腫	333
凸	333
捎	333
儡	332
拴	332
傀	332
梗	332
瘩	332
疙	332
偽	331
烙	331
劉	331
琥	330
杭	330
吳	330
災	329
嘎	328
烊	328
汝	328
雳	328
霹	328
畍	328
亭	328
壕	327
嫖	327
啼	327
冇	327
贬	326
耋	326
臥	326
玷	325
咀	324
徑	324
輯	324
谤	324
霞	324
瞅	323
阉	323
睿	323
筝	322
勵	322
積	322
睫	322
札	321
潇	321
痁	321
藻	321
秸	320
圭	320
癳	320
淆	319
袱	319
嗒	319
笷	319
厮	318
暈	318
腸	318
奄	318
拱	318
褪	318
喱	318
茅	317
繞	316
嘻	316
邁	316
盎	315
窜	315
嗬	315
髅	315
翩	314
禲	313
灼	313
萎	313
帜	313
烬	312
泌	312
钳	312
娼	311
篡	311
囱	311
嬰	310
澈	310
唆	309
獽	309
痘	309
滞	309
醺	308
鹤	307
啲	307
睼	307
滔	307
豐	307
讪	306
範	306
糗	306
扉	306
跛	305
骡	304
劍	304
獹	304
晟	303
宛	303
羘	303
醜	303
橋	302
膥	301
筏	301
斋	301
孬	301
邋	300
遢	300
腞	300
胊	300
殡	300
衅	299
盧	299
苟	298
斌	298
眤	298
砑	298
繩	298
奠	298
莺	298
甫	298
哺	298
猥	297
玒	297
邸	296
喚	296
蓓	294
攒	294
箫	293
蟀	293
嚏	293
惰	292
趋	292
喧	291
迄	291
塗	291
縫	291
筷	291
痞	291
虧	291
峻	290
慾	290
狹	290
嗣	289
屡	289
縮	289
岭	289
莊	288
娥	288
筽	288
寝	288
僊	288
遏	288
憂	288
賬	288
彪	287
浣	287
掙	287
菩	287
锣	286
诽	286
牽	286
彷	285
秽	285
寐	285
腌	285
糒	284
烩	284
駛	284
攫	284
侥	284
肅	284
惱	284
蛊	284
拢	284
榈	283
濕	283
灘	283
竿	282
揉	282
痹	282
匯	282
炊	282
眭	280
壯	280
啧	280
猔	280
搐	280
咄	279
谕	279
铸	279
籔	278
掂	278
塵	277
镶	277
瘀	277
馒	276
琦	276
蠕	276
詢	276
畔	275
骇	275
奻	274
疵	274
艱	273
簍	273
婉	273
鎘	273
湮	272
獀	272
訝	272
眷	272
揣	272
賠	272
刁	272
坴	272
峈	271
璣	270
秤	270
紆	270
铛	270
嘶	270
匣	270
町	270
阪	270
刨	270
驅	269
蕩	269
颖	269
寬	269
拎	268
氢	268
譬	268
刽	268
淮	268
紇	267
馈	267
簘	267
咗	266
嵌	266
诫	266
嘀	266
瑈	265
鹏	265
絬	265
賦	264
羛	264
汜	264
揽	264
禀	263
雲	263
嘣	263
贰	263
凄	263
蠻	262
崛	262
昌	262
涩	261
猵	260
遙	260
夔	260
眎	259
沛	259
勸	259
踹	259
铬	258
吋	257
濑	257
畸	257
枫	256
貂	256
瑀	256
誇	256
飾	256
蛾	256
姦	256
夾	256
吝	255
喳	255
繦	254
乜	254
栈	254
穨	254
挛	254
珇	254
敖	253
薰	252
撮	252
禣	252
竜	252
藐	252
殃	252
叁	251
皘	251
妲	251
韋	250
熨	250
歼	249
捱	248
綼	248
瑿	248
鍾	248
愣	248
婭	247
踌	247
羁	247
遂	247
幌	246
祘	246
諸	246
賀	245
縱	244
圓	244
耸	244
籠	244
醬	243
篊	243
砃	243
偵	243
倪	243
柿	243
茬	243
矣	243
貧	243
惺	243
玱	243
惦	243
腀	241
豌	241
胚	240
捲	240
帚	240
荧	240
眕	239
缔	239
凍	238
毋	238
褫	237
倔	237
鲈	237
晉	237
篱	237
哉	236
繰	236
妾	235
媛	235
梢	235
盞	235
岌	234
棟	234
佰	234
倘	234
唸	233
巅	233
洩	233
噎	233
鲑	233
撩	233
赘	232
擠	232
廓	231
鬍	230
讚	230
吭	230
妝	230
跷	230
癠	230
茵	230
缇	229
拣	229
胰	229
稼	228
沧	228
滇	228
蟋	227
齒	227
嘢	227
邏	227
詛	227
盹	227
凛	227
睜	227
瞌	226
嘭	226
臔	226
捂	226
潰	226
績	226
翡	225
仕	225
痜	225
賜	225
畑	225
涼	225
瘪	224
閣	224
睬	224
艹	224
噴	224
眏	223
繺	223
賈	223
俾	223
曙	222
胺	222
廖	222
痫	221
籖	221
鏈	221
蕃	221
瞥	221
癮	220
瓆	220
肇	220
磺	220
撿	219
铀	219
旷	219
逾	218
硈	218
騷	217
汹	217
撥	216
拂	215
倩	215
膠	215
恍	215
灣	214
腎	214
惶	214
渍	214
骼	213
飽	213
臮	213
撰	213
烷	212
诧	212
檐	212
硝	212
懊	211
恺	211
馋	211
韧	211
轟	211
晤	211
猌	210
渾	210
啬	210
礹	209
碉	209
猳	209
蛆	209
瘆	208
羪	208
硐	207
蘿	207
娄	207
炬	207
纨	206
罺	206
掳	206
唏	206
蹩	206
绔	206
諜	206
釜	206
撂	206
纏	205
辯	205
鄭	205
雏	204
貞	204
彌	204
沌	204
攔	204
蠟	203
巩	203
眩	203
驭	203
遞	203
蔚	203
燭	203
骯	203
磯	202
甧	202
渝	201
珿	201
趙	200
塢	200
癚	200
漩	200
貪	200
氯	200
娟	200
埔	200
k	199
鼬	199
垢	199
珃	199
秖	199
籌	198
簈	198
獅	198
眈	198
袒	197
鈴	197
淩	196
湊	196
銅	196
褓	196
岈	195
壽	195
诬	195
翱	195
畉	195
廿	194
丙	194
搓	194
絞	194
稠	194
蜚	194
倖	193
砯	193
蛎	193
筐	192
獗	192
忒	192
浏	192
淤	192
椿	192
酮	192
捨	192
湛	191
脐	191
怂	190
唧	190
溝	190
甮	190
繧	189
殷	189
痰	189
耞	189
茧	188
側	188
蒼	187
蹊	187
衙	187
籇	187
苯	187
詳	186
沅	186
侶	186
奀	186
頁	186
葩	186
怠	186
禬	186
嫄	186
峨	185
篝	185
叼	185
悶	185
垦	185
鳴	185
彰	185
漱	184
淳	184
羲	184
萸	184
懶	184
炙	184
冉	183
辗	183
雯	183
镳	182
堋	182
氟	182
癥	181
糾	181
坳	181
鞍	181
硅	181
邂	180
禜	180
菏	180
墳	180
逅	180
胔	180
匀	180
螳	180
煲	179
幺	179
攸	179
芋	179
暇	179
铝	179
睇	178
喏	178
夯	178
癢	177
茹	177
筛	176
緬	176
蕭	176
娛	176
裆	176
籐	175
悅	175
怡	175
註	175
樸	175
憔	175
沽	175
郅	175
瓢	175
袁	175
悴	175
豺	175
檳	174
謬	174
雁	174
纒	174
襯	173
霄	173
陡	173
竡	172
迢	172
窘	172
崋	172
萍	172
碱	172
僱	172
鼾	171
碿	171
龊	171
懸	171
籃	171
薦	171
龌	171
櫃	171
緩	170
販	170
迦	170
枭	170
鳳	170
壇	170
砫	170
鬱	170
簸	169
琿	169
峭	169
禫	168
蛀	168
刪	168
痉	168
蜻	168
辟	168
佴	168
窩	168
餵	168
搔	168
蜓	168
珩	167
呣	167
斃	167
耙	167
啜	167
攪	166
揩	166
裳	166
彎	166
圳	166
燙	165
噗	165
胧	165
臘	165
覂	164
阐	164
痣	164
玭	164
谚	164
尷	164
禅	163
蘸	163
釘	163
赽	163
発	162
睐	162
祀	162
麋	162
镍	161
骋	161
钚	161
輝	161
舆	161
娣	161
麟	161
璚	161
蝗	161
芠	161
謹	161
礦	160
擴	160
酕	160
嘈	160
蚕	160
僕	159
仨	159
琎	159
洙	159
磷	159
鳗	159
詭	159
甉	159
殆	159
涛	158
紊	158
赡	158
稅	158
艶	158
禄	157
叢	157
羹	157
萦	157
撫	156
桔	156
㗎	156
灸	156
鳍	156
騰	156
诠	156
铎	156
跆	156
橫	156
絏	155
纬	155
鋪	154
撵	154
壹	154
砞	153
聂	153
脯	153
荆	153
墜	153
憧	153
炽	153
憬	153
毞	153
繻	153
脹	153
硉	153
楠	153
溉	152
癶	152
垄	152
甊	152
佼	152
剝	152
辍	152
啞	151
楣	151
o	151
笴	151
坍	151
剿	151
呒	151
竧	150
攤	150
襄	150
蹂	149
躏	149
莅	149
缄	149
擂	148
犁	148
瞏	148
罙	148
琜	148
贈	147
抠	147
纫	147
鸳	147
鸯	147
玥	147
敛	146
舶	146
汐	146
鴨	146
蚱	146
臊	146
詐	146
誼	145
鹫	145
砩	145
縷	145
蒲	145
呎	145
曦	145
箉	144
蓮	144
軌	144
缕	144
菁	144
阎	144
竲	144
蝦	144
槚	144
掸	144
汲	143
馊	143
馏	143
魇	143
姚	143
鼹	143
疮	142
稬	142
厥	142
苤	142
蹟	142
彦	141
鷹	141
垀	141
棱	141
硑	141
珋	141
盋	141
芜	141
聾	141
胱	140
曰	140
丞	140
狶	140
鹽	140
琉	140
泞	140
爐	140
鲤	140
毖	140
卺	139
惘	139
紳	139
崗	139
旭	139
贖	139
搽	138
曳	138
鑒	138
甅	138
迴	138
惬	137
谛	137
罖	137
疱	137
漲	137
竚	137
粂	137
钵	136
暧	136
琘	136
槌	136
腓	136
狈	136
酌	136
摁	136
脓	136
瑶	135
捶	135
蓟	135
覽	135
瓮	135
墊	135
篈	135
瑍	135
筍	135
砌	135
泭	135
譜	134
璉	134
邃	134
恆	134
窱	134
钠	134
弩	133
緑	133
謠	133
璽	133
諷	133
鸵	133
舦	133
屹	132
曆	132
枷	132
粟	132
鵬	132
笿	132
襪	132
嬤	132
蟆	132
镀	132
霾	131
媲	131
氪	131
鎊	131
潦	131
墩	131
瑙	131
摒	131
瑠	131
帼	130
霧	130
赝	130
臼	130
闵	129
縒	129
艙	129
閱	129
酊	129
宥	129
冊	129
潤	129
轩	128
皗	128
囧	128
锭	128
恿	128
倡	127
苞	127
癵	127
龐	127
戟	127
坂	127
缀	127
粿	126
荫	126
鬣	126
婵	126
猡	126
軗	126
謙	126
箇	126
珈	126
锢	126
囤	125
诋	125
貢	125
蠱	125
搗	125
彆	125
郝	125
疆	125
馴	124
抨	124
躇	124
簎	124
纺	124
礎	124
忡	124
鍋	124
揚	124
辘	124
膳	124
孪	123
嬴	123
斟	123
彿	123
柚	123
蹿	122
抒	122
涸	122
曬	121
崆	121
腑	121
穗	121
赊	121
眒	121
撲	121
腇	121
惟	121
惚	121
龜	121
赻	120
肞	120
栩	120
糧	120
寵	120
隅	120
鳞	119
阮	119
籽	119
挝	119
焙	119
苣	119
衹	119
剎	119
辊	118
錶	118
朦	118
飄	118
瞦	118
豈	118
傭	118
縀	118
砏	117
牟	117
憨	117
舘	117
蕴	117
帧	117
胯	117
枢	117
猧	117
桅	117
桿	117
俐	117
麒	116
銬	116
綜	116
嚯	116
洸	116
疡	116
迂	116
紮	116
亢	116
瞰	116
眸	115
濫	115
咏	115
濃	115
欄	115
煉	115
鏢	114
窿	114
赁	114
暍	114
颓	114
盠	114
蹬	114
侨	114
蜷	114
牒	114
侚	114
殼	114
廈	114
祅	114
璝	114
併	113
欴	113
扪	113
廂	113
磋	113
碴	113
葫	112
挞	112
緝	112
腨	112
兌	112
絃	112
孀	112
鲶	112
黯	112
侖	112
顛	112
盚	112
傣	111
虳	111
陑	111
冀	111
睪	111
傘	111
峙	111
屄	111
颚	111
沏	111
钛	111
讣	111
萃	111
籜	111
璊	111
绎	110
滕	110
酝	110
痔	110
撸	110
膑	110
羨	109
憲	109
璐	109
叩	109
蔥	109
鯊	109
蜈	108
潭	108
凋	108
蚣	108
兢	107
顫	107
涤	107
蚚	107
噶	107
杵	107
嚨	107
糉	107
磐	107
続	107
瞩	107
蔗	106
囡	106
郔	106
倭	106
靖	106
灑	106
絤	106
惋	106
玜	105
徨	105
鵝	105
簙	105
腋	105
滓	105
蟒	105
紗	105
遁	104
骏	104
苺	104
酶	104
盥	103
驿	103
诲	103
剐	103
樁	103
艮	103
擬	102
笋	102
俴	102
绯	102
秅	102
喙	102
砉	102
痲	102
轧	102
苇	101
儂	101
吏	101
吽	101
猬	101
唵	101
哝	101
茴	101
忱	101
恤	101
婬	101
躍	101
憫	100
鹑	100
瀚	100
橾	100
喎	100
阙	100
哞	100
闡	100
鹌	100
旬	99
葳	99
氦	99
儆	99
瓊	99
壘	99
谘	99
葆	99
陬	99
锥	99
漁	99
眺	99
蜢	99
闱	98
汞	98
皌	98
窺	98
纲	98
耑	98
坷	98
嘔	98
淺	98
罂	98
杻	98
欖	97
顷	97
褶	97
酩	97
倚	97
緗	97
戛	97
隘	97
綴	97
馁	97
慑	97
羙	97
説	96
跚	96
氰	96
蹒	96
卤	96
譚	96
岡	96
疽	96
嗚	96
獠	96
礶	96
錦	96
蜀	95
砋	95
瑾	95
飢	95
侗	95
纔	95
賄	95
籩	95
惮	95
玦	95
虞	95
畒	95
粇	95
镣	95
鈾	94
梑	94
猖	94
頑	94
痿	94
鳟	94
潢	94
滲	94
唄	94
眳	94
謎	94
禥	94
賂	94
悸	94
沥	94
胭	93
鉤	93
脄	93
畀	93
絮	93
勳	93
榛	93
祏	93
皈	93
臫	93
淀	93
撓	93
侃	93
犴	93
磚	93
遷	92
禧	92
筱	92
糯	92
疟	92
纞	92
伶	92
霓	92
蜇	92
驷	91
笃	91
鲱	91
镰	91
俞	91
猠	91
鳕	91
咂	91
緋	91
秏	91
琛	91
畐	90
锄	90
篴	90
潺	90
癲	90
睽	90
琂	90
嬌	90
褂	90
癩	90
讳	90
祍	90
犊	90
雹	89
粑	89
蛹	89
掖	89
渤	89
秪	89
缈	89
岖	89
噱	88
綾	88
麓	88
玺	88
涮	88
祢	88
罹	88
渥	88
羭	88
踵	88
摯	88
偎	88
犸	88
焗	88
礟	88
羬	88
儸	87
鈕	87
狾	87
冢	87
怮	87
釬	87
袤	87
窑	86
墮	86
繪	86
蔷	86
盌	86
蚌	86
懺	86
馗	86
豢	86
孰	86
淏	86
孖	85
碪	85
筂	85
斬	85
绢	85
懵	85
潑	85
磖	85
鹕	84
剽	84
餌	84
瞑	84
囑	84
棫	84
蜍	84
蟾	84
腩	84
婕	84
駁	84
冪	84
垚	84
鹈	84
磊	83
撈	83
錨	83
獭	83
櫻	83
璓	83
鎗	83
畴	83
萇	83
祉	83
骁	83
臩	83
蛭	82
昹	82
嗳	82
纐	82
匾	82
暹	82
仟	82
弑	82
闩	82
鞘	82
撅	81
璨	81
粤	81
駐	81
碔	81
啾	81
咫	81
璀	81
蜆	81
穎	81
偕	81
靚	81
眯	81
鋒	81
屆	81
穛	80
眃	80
隴	80
缎	80
a	80
蚓	80
颐	80
麾	80
m	80
蜊	80
钧	80
b	80
縉	80
妊	80
弛	80
蚯	80
娠	80
掴	80
抡	80
灶	79
噹	79
铢	79
讬	79
搵	79
獾	79
钙	79
盅	79
穞	79
緅	79
繃	79
瞓	79
恁	79
嘍	79
縛	79
疊	79
榎	79
郴	79
謗	78
璜	78
楞	78
瘠	78
钾	78
嚒	78
拈	78
磗	78
睝	78
锏	78
縣	78
箍	77
笱	77
鴿	77
諧	77
掣	77
俚	77
紁	77
糵	77
妗	76
荻	76
鸠	76
捋	76
缰	76
衭	76
噫	76
貫	76
衾	76
嗤	75
弼	75
磝	75
茁	75
垠	75
穖	75
敝	75
珼	74
椭	74
鈔	74
隼	74
摺	74
讥	74
瑛	74
捚	74
寥	74
覃	74
啫	74
镭	74
湘	74
翹	74
镐	74
砲	74
璍	73
笢	73
巳	73
蹕	73
攬	73
砥	73
笰	73
榔	73
鲣	73
頸	73
覜	73
锵	73
闊	73
饨	72
嶺	72
輔	72
捌	72
怦	72
毡	72
譴	72
玐	72
擤	72
矜	72
泷	72
歆	72
髻	72
窦	72
锂	72
馄	72
澆	72
壺	72
臸	72
玙	72
涎	72
鏽	71
髋	71
笹	71
镁	71
珑	71
镊	71
硚	71
槛	71
鯨	71
芲	71
讧	71
篓	71
擱	71
呂	71
擢	71
筳	71
澜	70
莴	70
拊	70
蹑	70
癟	70
恃	70
竤	70
篘	70
漉	70
吔	70
玖	70
阂	70
暢	70
皎	70
裱	69
鱷	69
鴉	69
躓	69
锉	69
鲔	69
黍	69
褒	69
祑	69
飆	69
鳏	68
啵	68
孚	68
旯	68
硓	68
吖	68
櫈	68
榭	68
匐	68
榆	68
匍	68
傖	68
迩	68
湍	68
恀	67
淝	67
祔	67
嘩	67
蚝	67
桐	67
韭	67
趼	67
昊	67
孺	67
輻	67
醱	67
蜿	67
耴	67
樑	67
蜒	67
砐	67
甶	67
襟	67
肕	67
舀	66
绫	66
綪	66
哽	66
霰	66
腮	66
陔	66
玼	66
屙	66
喺	65
姍	65
叻	65
綤	65
畄	65
拸	65
嶄	65
疣	65
穓	65
啮	65
耷	65
恪	65
呯	65
芔	65
臆	65
嚐	64
甃	64
湧	64
碘	64
繹	64
鹊	64
絚	64
癞	64
窽	64
秧	64
孜	64
皚	64
醛	64
痢	64
糞	64
箴	64
穐	63
硌	63
礩	63
籹	63
砬	63
樫	63
攜	63
緄	63
繬	63
簾	63
悝	63
笈	63
綿	62
磴	62
祗	62
啱	62
賢	62
煦	62
燉	62
楝	62
笠	62
漿	62
緓	62
祠	62
蛰	62
廟	62
漾	62
窰	62
勀	62
魷	61
檯	61
靳	61
腆	61
湃	61
桦	61
腼	61
拗	61
俭	61
獴	61
锹	61
蜃	61
剒	61
甄	61
勛	61
澎	61
铆	61
褛	60
艷	60
笭	60
飚	60
檀	60
觐	60
硖	60
褴	60
楂	60
鎔	60
哚	60
絆	60
匮	60
耚	60
焖	59
谧	59
龚	59
恬	59
荚	59
篶	59
齋	59
藕	59
觊	59
徇	59
觎	59
貍	59
沁	58
膩	58
畛	58
铠	58
遽	58
禹	58
絊	58
磀	58
嵯	58
齣	58
窕	57
炕	57
劾	57
秂	57
縊	57
釀	57
梧	57
窈	57
豎	57
磘	57
邵	57
悖	57
拄	57
缤	57
佯	57
瑼	57
顱	57
婼	57
篋	57
紛	57
穫	57
陲	57
瘓	56
瞺	56
岍	56
蚪	56
畊	56
帷	56
哐	56
蝌	56
黝	56
毓	56
箂	56
炰	56
碙	56
蹶	56
蝉	55
魉	55
搪	55
岑	55
滯	55
籵	55
戎	55
衱	55
颧	55
頒	55
咡	55
峽	55
拮	55
縤	55
芛	55
擲	55
巖	55
糃	55
鍛	55
籁	55
銳	55
廻	54
婢	54
冗	54
鸨	54
禔	54
搡	54
竅	54
铤	54
觕	54
猘	54
阰	54
岬	54
砣	54
貿	54
猀	54
驟	54
姗	54
庐	53
鄧	53
籈	53
蔣	53
耘	53
疶	53
摞	53
驸	53
錫	53
鹬	53
孑	53
砾	53
庵	53
驮	53
惆	52
鸮	52
榷	52
篙	52
齁	52
礤	52
懧	52
枙	52
嚓	52
嫣	52
鉗	52
纰	52
朔	52
徭	52
俑	51
暨	51
吆	51
溱	51
陓	51
螈	51
眻	51
膘	51
瞡	51
閨	51
绚	51
蝾	51
锺	50
綻	50
鬲	50
樽	50
麝	50
眞	50
狰	50
砒	50
莞	50
琁	50
渲	50
琶	50
篏	50
泓	50
粆	50
疝	50
寮	50
狞	50
谄	49
扈	49
蝕	49
桵	49
斛	49
皐	49
綟	49
枣	49
螢	49
磉	49
蜕	49
囔	49
碝	49
溥	49
r	48
磎	48
簇	48
蔔	48
抿	48
佟	48
尪	48
韶	48
癱	48
卯	48
铉	48
瑻	48
贓	48
繳	48
癣	47
菱	47
瞻	47
畓	47
糷	47
朸	47
玮	47
脤	47
尧	47
諉	47
餡	47
谙	47
龛	47
梆	47
ネ	47
遐	47
懇	47
俀	47
琄	47
荔	47
轶	47
勍	46
眢	46
贲	46
襁	46
遨	46
鳖	46
燴	46
杞	46
彶	46
徉	46
碲	46
徜	46
鲭	46
諫	46
瓀	46
稯	46
淪	46
甀	46
忿	45
貊	45
锌	45
禿	45
皿	45
漪	45
藓	45
珆	45
篑	45
涟	45
靼	45
棠	45
蔻	45
呤	45
峦	45
殭	45
跻	45
馀	45
揾	45
敘	45
絨	45
郸	45
彸	45
鞑	45
捻	45
檸	45
媾	44
氖	44
庶	44
韃	44
鳃	44
埜	44
縸	44
繵	44
胫	44
雍	44
龈	44
円	44
畕	44
杳	44
唁	44
缛	44
铰	44
簗	44
瑣	43
贮	43
擰	43
瞯	43
鹳	43
漓	43
恣	43
缭	43
汶	43
樊	43
婌	43
浃	43
咿	43
鳶	43
矯	43
肏	43
鍊	43
琕	43
昜	43
痐	43
沭	43
痧	43
劂	43
铯	43
嘮	43
嗖	43
佷	43
噸	43
疩	43
邑	43
囮	43
眀	43
坋	42
埠	42
欽	42
嚮	42
琭	42
嘆	42
暄	42
絵	42
烯	42
哂	42
迺	42
涣	42
噠	42
絴	42
綱	42
苑	42
嗶	42
硷	42
翋	42
跩	42
盃	42
葺	42
鉛	42
餃	42
镕	41
榻	41
鶴	41
櫥	41
泯	41
晏	41
瀬	41
寰	41
醃	41
弇	41
糜	41
禟	41
琠	41
俇	41
绐	41
苜	41
犽	41
蓿	41
湎	41
蛂	41
穕	41
鲷	41
憊	41
迸	41
鑲	41
饑	40
阌	40
疍	40
麸	40
稭	40
穀	40
絪	40
緿	40
芖	40
峎	40
璧	40
衩	40
诌	40
倌	40
鹹	40
茼	40
劊	40
伫	40
膍	40
稟	40
緇	40
璂	40
缮	40
篖	40
猟	40
挾	40
毆	39
膙	39
碕	39
燼	39
谀	39
佪	39
絛	39
觹	39
呇	39
屾	39
罽	39
燻	39
篤	39
妤	39
攥	39
筵	39
涧	39
镬	39
瞟	39
辄	39
甁	39
澹	39
屯	39
螫	39
骠	39
槃	39
睑	39
瑅	39
僮	39
谏	39
岐	38
訟	38
孢	38
柊	38
谔	38
揸	38
窯	38
陎	38
竕	38
痻	38
緍	38
稴	38
肽	38
聒	38
阡	38
礿	38
颶	38
竣	38
綵	38
潸	38
蚾	38
褥	38
螯	38
慫	38
鉶	38
踱	38
羥	38
噼	38
禸	38
閘	38
阖	38
摻	38
絫	38
舗	37
甦	37
虜	37
瓒	37
竝	37
踐	37
噌	37
錘	37
踊	37
糔	37
笻	37
禪	37
驢	37
梓	37
珮	37
殓	37
阊	37
瑆	37
貶	37
卉	37
稧	37
搀	37
盪	37
岱	37
咭	37
軞	36
饕	36
庣	36
崴	36
攏	36
餮	36
奚	36
玶	36
猝	36
犟	36
鏟	36
浊	36
颌	36
冼	36
籡	36
伀	36
鄂	36
堈	36
帛	36
藷	36
罿	36
舖	36
綸	36
烽	36
閑	36
迥	36
臃	35
瑌	35
忑	35
娴	35
鬈	35
舐	35
粁	35
磙	35
屐	35
芞	35
肓	35
陝	35
佶	35
嚥	35
窪	35
玪	35
悵	35
诨	35
絙	35
濺	35
鹃	35
陞	35
籬	35
樟	35
尻	35
濱	35
忐	35
挲	35
鑄	35
鶫	35
叟	35
穘	35
靛	35
癔	34
礢	34
饷	34
鐮	34
詻	34
盝	34
碯	34
芩	34
壅	34
饯	34
诛	34
邢	34
禾	34
嵐	34
晖	34
慇	34
馱	34
舠	34
蹼	34
桓	34
瘴	34
拻	34
剷	34
囹	34
砷	34
荞	34
圄	34
濾	34
鳅	34
韜	34
縐	34
鬓	34
荟	34
菴	34
獁	34
霖	34
诩	34
祁	34
讷	34
閥	33
荜	33
摟	33
诃	33
藹	33
忳	33
鑫	33
荤	33
攢	33
柩	33
瞣	33
篕	33
篨	33
戆	33
輿	33
羈	33
銖	33
繚	33
俸	33
鷗	33
槲	33
菅	33
栳	33
翧	33
痌	33
q	33
辮	33
翌	33
鲟	33
佻	33
徂	33
咝	33
洷	33
綝	33
銘	33
硁	33
冞	33
蛞	32
秎	32
迖	32
庈	32
笞	32
酯	32
蕨	32
锲	32
盰	32
閹	32
皺	32
彐	32
穢	32
遼	32
亘	32
籋	32
隽	32
軀	32
羟	32
玀	32
誹	32
甤	32
珺	32
綽	32
磔	32
嶼	32
啷	32
腱	32
弈	32
y	32
屜	32
蝓	32
緹	32
邨	32
祜	32
囀	32
辻	32
铂	32
菸	32
痥	31
樵	31
盂	31
鎰	31
撻	31
寅	31
綫	31
訣	31
睏	31
钏	31
癹	31
緻	31
悛	31
缥	31
锨	31
羌	31
菈	31
幟	31
犄	31
笙	31
掇	31
礷	31
锒	31
觑	31
澪	31
艋	31
瘁	31
蟻	31
纖	31
貉	31
躉	31
鋸	31
冏	31
筠	31
矽	31
诙	31
罠	31
瑁	31
戾	31
鬃	31
舜	30
兀	30
雛	30
缜	30
剜	30
桉	30
珹	30
